study_hours,attendance,previous_scores,assignments_completed,sleep_hours,extracurricular,parental_support,internet_access,final_score,pass_fail
4.6,73.2,83.7,57.7,6.8,1,1,1,57.7,Pass
1.9,72.5,75.3,96.3,6.4,0,2,1,51.2,Pass
5.5,95.9,94.5,60.4,7.8,0,1,1,55.2,Pass
5.9,84.0,41.8,92.0,7.4,0,1,1,55.3,Pass
0.1,77.5,61.0,69.5,3.0,0,1,1,40.3,Pass
1.4,86.0,58.1,100.0,7.3,0,1,0,43.1,Pass
4.3,54.7,35.4,91.2,5.0,0,1,1,44.1,Pass
3.4,79.5,80.9,64.9,4.4,0,1,1,42.6,Pass
4.0,100.0,60.9,66.2,6.2,1,0,0,53.2,Pass
2.3,81.6,76.1,89.1,7.1,0,1,1,55.6,Pass
5.8,80.8,100.0,76.1,4.0,1,1,1,64.9,Pass
5.6,86.6,59.7,77.5,7.6,0,1,1,55.8,Pass
4.1,90.7,58.7,99.1,7.6,1,1,1,58.6,Pass
6.3,56.0,66.8,68.8,6.6,0,0,1,48.0,Pass
4.9,59.8,79.8,81.4,5.2,0,2,1,55.2,Pass
2.3,82.5,56.5,94.3,5.0,1,1,0,51.3,Pass
4.7,71.4,55.5,92.1,8.0,1,1,1,50.1,Pass
2.1,95.7,80.9,77.6,4.2,0,0,1,56.2,Pass
5.8,76.2,70.7,75.7,8.1,0,2,1,60.0,Pass
3.9,56.8,34.3,53.9,6.3,0,1,1,37.8,Fail
3.6,64.8,46.6,64.2,6.4,0,1,1,55.9,Pass
2.6,47.0,87.5,84.8,3.9,0,1,1,47.7,Pass
6.4,77.2,71.0,77.9,6.3,1,2,1,59.4,Pass
3.7,77.7,53.6,81.1,7.4,0,2,1,49.5,Pass
3.1,74.9,62.4,95.6,4.5,1,1,1,47.9,Pass
3.3,92.9,65.2,62.2,7.2,0,0,1,55.7,Pass
5.1,94.4,76.0,76.5,6.6,0,0,1,57.3,Pass
4.7,78.0,44.6,82.8,5.5,0,0,1,47.9,Pass
4.8,54.4,52.4,69.4,7.8,0,2,1,44.4,Pass
4.9,87.4,69.1,100.0,3.2,0,2,1,56.3,Pass
8.3,86.7,63.5,93.6,7.0,1,2,1,59.3,Pass
3.2,83.7,73.6,84.4,8.9,1,2,0,54.4,Pass
3.0,91.8,46.6,100.0,8.7,0,0,1,58.0,Pass
2.4,66.0,70.4,57.5,7.1,0,2,1,46.8,Pass
5.2,100.0,81.4,79.9,6.0,1,1,1,72.6,Pass
6.3,68.5,72.3,85.5,5.5,0,1,0,62.1,Pass
3.8,89.0,67.1,66.3,6.0,0,1,1,56.4,Pass
2.3,59.8,63.6,84.5,7.3,1,0,1,55.7,Pass
2.4,68.8,52.5,63.4,5.3,0,2,1,42.8,Pass
5.3,98.2,63.9,90.4,7.6,0,2,1,63.5,Pass
5.5,76.9,83.9,95.9,9.7,0,2,1,64.2,Pass
5.1,90.1,63.2,84.1,6.4,1,2,1,67.7,Pass
2.7,82.8,51.7,52.2,4.5,0,1,1,44.4,Pass
4.5,78.7,57.6,65.5,4.5,1,0,1,47.3,Pass
4.2,96.4,68.0,88.5,7.7,0,2,0,63.6,Pass
4.4,77.2,59.4,80.3,6.4,0,1,1,49.3,Pass
5.7,58.6,72.3,39.6,7.8,0,2,1,52.3,Pass
4.4,70.4,72.8,98.6,5.7,1,0,1,59.0,Pass
5.4,86.6,78.3,82.0,7.7,0,1,1,60.9,Pass
4.1,84.7,86.4,67.7,6.3,1,1,1,61.0,Pass
4.6,61.2,79.9,94.9,5.4,0,1,1,48.8,Pass
5.3,71.3,51.0,69.8,5.9,0,2,1,51.9,Pass
1.1,73.0,51.4,69.7,4.7,0,2,1,39.6,Fail
3.4,75.6,63.9,85.4,9.5,0,1,1,67.3,Pass
3.1,63.5,58.2,100.0,6.4,0,1,1,50.7,Pass
2.7,72.5,47.9,100.0,7.5,1,0,0,45.9,Pass
3.4,71.3,58.4,85.4,5.7,1,1,1,43.7,Pass
7.0,89.3,57.9,86.9,4.9,1,1,1,69.0,Pass
2.3,89.7,54.9,91.9,6.1,1,1,1,50.7,Pass
5.9,78.3,60.3,61.1,8.2,0,1,1,50.7,Pass
0.6,75.3,82.7,89.7,5.7,1,1,1,52.4,Pass
3.3,81.7,68.0,69.0,5.2,0,1,1,54.8,Pass
4.3,70.2,100.0,84.8,6.7,1,2,1,64.6,Pass
5.2,66.2,67.6,76.6,7.2,1,1,1,54.4,Pass
5.4,68.7,60.6,87.5,9.0,0,1,1,56.5,Pass
5.6,72.4,65.1,81.8,7.0,1,2,1,58.5,Pass
3.3,66.0,68.8,33.9,7.5,1,2,1,46.2,Pass
3.1,81.9,71.5,82.7,7.6,0,2,1,57.1,Pass
5.7,88.8,96.2,89.6,4.8,1,1,1,73.0,Pass
3.6,61.0,52.3,86.7,5.1,0,1,1,47.4,Pass
1.4,80.3,77.9,78.5,4.9,0,2,1,46.9,Pass
1.7,77.4,68.1,100.0,4.5,0,1,1,50.8,Pass
2.2,84.1,41.4,84.7,7.7,1,1,1,51.3,Pass
5.0,79.8,76.6,86.6,6.9,0,2,1,51.4,Pass
4.3,62.6,84.0,95.7,6.6,1,0,1,48.0,Pass
5.4,64.9,52.1,85.4,3.0,0,2,1,56.4,Pass
3.1,80.4,64.9,66.5,9.6,0,2,1,59.2,Pass
4.3,92.3,39.1,43.4,5.2,1,0,1,40.0,Pass
5.3,53.4,46.1,72.8,9.6,0,2,1,48.1,Pass
3.4,84.1,80.7,91.4,4.3,1,1,1,56.3,Pass
4.9,94.3,58.0,74.7,5.3,0,2,1,56.1,Pass
2.7,78.2,48.4,92.0,3.2,1,2,1,50.9,Pass
3.3,86.6,68.4,82.2,7.0,1,2,1,49.6,Pass
3.2,71.6,57.2,99.3,4.8,0,0,0,45.0,Pass
1.6,78.6,57.9,75.6,4.9,0,2,1,45.0,Pass
5.0,60.5,76.1,87.0,4.4,0,2,1,54.6,Pass
3.1,51.9,47.6,87.6,7.7,1,1,1,38.5,Fail
4.0,91.3,51.4,100.0,7.6,1,1,0,61.2,Pass
5.0,68.2,67.3,54.4,9.2,0,0,1,48.3,Pass
4.9,74.5,79.5,73.1,5.5,0,2,1,55.0,Pass
5.3,63.4,83.6,92.7,6.8,1,0,1,60.3,Pass
3.8,63.1,55.0,100.0,4.6,0,1,1,49.8,Pass
3.2,77.9,79.1,83.6,6.0,1,2,1,60.1,Pass
3.8,71.2,53.2,75.6,5.7,1,2,1,44.9,Pass
0.6,84.5,92.4,91.4,7.2,0,2,1,48.5,Pass
1.1,85.4,48.0,93.0,8.0,0,1,1,46.2,Pass
1.4,83.9,84.9,74.6,8.0,0,0,1,52.3,Pass
2.0,82.9,55.2,85.0,5.2,0,1,1,42.5,Pass
4.8,98.9,95.2,97.7,8.0,1,0,1,62.0,Pass
2.2,67.2,73.9,100.0,6.4,1,2,1,53.9,Pass
3.2,79.3,49.8,91.1,6.0,1,1,0,47.1,Pass
6.6,93.6,57.2,80.7,5.4,0,1,0,53.6,Pass
3.3,95.2,76.7,79.2,5.7,0,0,1,62.1,Pass
5.5,62.9,80.8,88.4,9.1,1,1,1,55.9,Pass
2.1,76.3,63.9,78.3,7.0,0,2,1,55.1,Pass
3.6,96.3,65.7,82.8,6.8,0,2,1,58.1,Pass
2.1,86.1,76.4,64.1,6.1,0,0,1,51.8,Pass
3.3,82.3,67.0,99.5,10.0,1,0,0,55.7,Pass
5.7,77.4,45.6,62.9,8.5,1,1,1,38.4,Fail
0.5,75.4,52.8,73.5,5.4,0,0,1,35.4,Fail
4.9,83.5,68.5,81.5,6.1,1,2,1,58.0,Pass
4.5,77.0,83.2,100.0,6.2,0,1,1,62.9,Pass
2.8,79.5,89.2,73.7,6.7,0,0,1,45.7,Pass
1.1,80.9,76.7,70.0,5.4,0,2,0,48.4,Pass
4.1,71.9,69.3,71.7,7.2,1,1,1,47.2,Pass
2.9,86.4,76.2,100.0,8.7,0,1,1,60.1,Pass
4.5,100.0,55.0,37.8,4.5,0,1,0,50.3,Pass
4.0,58.7,62.7,65.0,4.8,0,0,1,49.5,Pass
7.2,83.9,52.6,100.0,5.8,1,1,1,68.2,Pass
3.5,70.9,46.3,88.9,5.8,1,2,1,51.7,Pass
2.0,86.9,70.0,63.4,9.5,0,2,1,55.2,Pass
4.4,80.6,67.8,79.4,8.0,1,1,1,54.5,Pass
4.4,89.1,75.3,81.0,7.9,0,1,1,73.8,Pass
6.7,94.1,73.2,92.7,6.1,0,1,1,60.6,Pass
5.7,82.3,68.6,100.0,6.1,1,1,1,59.7,Pass
4.7,93.6,73.3,85.8,4.3,1,1,1,65.6,Pass
6.9,51.9,64.4,71.9,7.7,0,1,1,57.2,Pass
1.6,99.1,71.2,91.8,7.2,1,0,0,58.1,Pass
2.7,84.5,54.1,69.5,8.4,0,2,0,52.6,Pass
2.1,92.9,70.5,64.5,6.2,1,2,1,42.1,Pass
3.2,65.4,75.0,53.6,6.3,1,1,1,55.5,Pass
1.2,70.0,55.0,56.5,6.8,1,2,1,40.2,Pass
5.3,81.8,65.8,66.6,7.8,0,0,1,61.4,Pass
3.6,79.8,55.6,62.3,4.3,1,2,1,38.8,Fail
1.1,83.4,57.1,84.7,7.6,1,1,0,49.0,Pass
2.0,93.0,48.1,62.0,6.5,0,0,1,42.9,Pass
4.6,58.8,84.0,32.8,4.9,0,1,1,50.0,Pass
5.7,91.7,81.0,64.3,3.4,1,1,1,62.5,Pass
8.0,80.1,73.1,72.9,6.3,0,1,1,65.4,Pass
9.8,77.6,94.6,70.9,8.7,1,1,1,66.8,Pass
4.8,62.3,62.2,100.0,9.0,0,0,1,54.2,Pass
2.0,86.0,100.0,70.8,7.0,1,0,1,55.6,Pass
0.0,51.0,61.6,93.2,9.4,0,1,1,43.3,Pass
4.5,87.8,68.8,79.7,6.4,1,1,1,63.0,Pass
2.4,62.1,59.0,79.4,7.9,1,0,0,45.8,Pass
3.2,80.6,70.6,67.5,5.8,0,1,1,45.1,Pass
2.8,78.6,77.5,79.1,5.7,1,1,1,54.1,Pass
3.7,94.0,63.3,68.5,5.5,1,1,1,67.7,Pass
6.1,77.9,91.7,82.6,3.4,0,2,0,71.9,Pass
4.3,71.7,68.6,76.5,8.4,0,1,1,38.8,Fail
3.7,73.9,69.1,65.8,5.5,1,1,1,51.2,Pass
1.9,95.3,51.4,94.9,5.3,1,1,0,56.8,Pass
0.7,86.4,71.3,86.4,4.7,0,1,1,48.9,Pass
3.0,75.4,63.0,73.3,6.2,1,0,1,46.9,Pass
3.9,77.2,55.9,82.2,9.1,0,0,1,50.4,Pass
7.5,61.2,53.4,78.7,9.6,0,2,1,59.5,Pass
4.3,84.7,100.0,67.0,4.0,1,1,1,54.8,Pass
6.0,58.9,61.0,81.1,6.0,0,1,1,59.0,Pass
3.0,89.0,43.1,70.7,4.9,0,1,1,47.4,Pass
1.6,81.5,54.5,65.8,8.0,0,1,1,40.6,Pass
2.1,100.0,64.2,55.7,6.9,0,2,0,56.4,Pass
2.5,66.8,73.2,74.6,5.5,0,1,1,40.8,Pass
8.3,78.8,73.3,88.5,6.6,1,0,1,63.3,Pass
2.4,100.0,75.1,69.6,5.8,0,2,1,52.8,Pass
5.7,94.3,55.3,100.0,8.9,1,1,1,73.8,Pass
2.2,71.6,70.1,93.3,7.3,1,1,1,48.4,Pass
5.9,82.7,51.9,99.6,7.5,0,2,1,49.2,Pass
4.8,80.0,55.7,91.9,3.0,0,1,1,52.0,Pass
3.7,83.4,51.2,100.0,6.4,1,1,1,57.0,Pass
3.9,71.6,47.2,68.2,9.6,0,2,1,52.0,Pass
2.7,78.9,81.0,41.6,8.5,0,1,1,60.2,Pass
4.9,60.8,75.3,73.3,3.7,1,1,1,59.7,Pass
3.1,81.6,79.6,88.4,6.0,1,0,1,57.2,Pass
1.5,85.4,65.6,82.3,4.7,1,1,1,45.7,Pass
1.4,77.3,76.7,84.1,9.1,0,1,1,59.5,Pass
4.3,60.6,38.6,99.8,6.9,0,1,1,46.5,Pass
7.2,91.9,77.9,85.7,5.3,0,1,1,63.6,Pass
4.3,84.4,67.7,92.0,6.6,1,2,1,57.0,Pass
3.8,71.3,74.4,65.9,3.0,0,1,1,44.3,Pass
4.6,76.6,70.7,63.6,4.9,0,2,0,50.9,Pass
6.6,62.0,50.2,100.0,6.6,0,2,0,55.2,Pass
4.4,67.7,42.5,81.5,7.8,1,2,1,53.1,Pass
3.2,73.5,54.3,70.7,3.6,1,2,1,45.6,Pass
6.2,94.7,73.5,70.7,5.9,0,2,1,56.7,Pass
4.9,72.3,75.4,70.3,8.0,0,0,0,46.4,Pass
7.1,87.7,44.5,69.4,4.3,0,1,1,57.5,Pass
4.4,73.5,50.3,60.8,6.8,0,2,1,48.7,Pass
1.6,83.0,54.2,57.5,6.6,0,1,1,41.0,Pass
1.3,78.3,59.6,77.1,9.1,0,1,1,44.4,Pass
7.3,90.5,44.6,71.1,6.2,1,2,1,61.2,Pass
7.4,73.6,43.7,96.6,6.2,1,0,1,65.3,Pass
3.6,61.1,52.7,84.4,7.8,1,1,1,44.1,Pass
3.2,63.4,66.3,84.0,4.5,1,0,1,49.3,Pass
6.9,73.6,47.3,68.9,6.2,0,1,0,58.4,Pass
1.8,65.0,63.3,78.2,5.8,0,1,1,41.2,Pass
2.2,84.9,80.9,85.4,6.3,0,1,1,55.0,Pass
5.3,74.4,45.5,90.7,7.8,1,2,1,54.6,Pass
3.2,100.0,61.9,78.6,7.3,0,1,1,49.5,Pass
4.0,59.1,80.4,96.2,5.4,0,1,1,55.5,Pass
3.7,82.4,58.7,80.1,6.7,0,2,1,53.5,Pass
4.7,66.5,56.4,91.9,8.7,0,2,1,56.6,Pass
6.8,74.1,82.5,72.7,5.3,1,1,1,55.6,Pass
4.2,81.7,60.4,52.8,6.7,1,0,0,49.5,Pass
5.3,52.1,81.6,84.0,6.2,0,1,1,61.6,Pass
0.0,82.8,71.4,90.9,6.4,1,2,1,60.0,Pass
3.9,100.0,59.9,88.6,4.1,0,1,1,64.3,Pass
2.3,74.6,72.2,86.3,8.6,0,1,1,46.1,Pass
1.6,83.1,69.8,74.8,5.3,0,2,1,52.1,Pass
2.2,92.3,80.3,67.9,8.0,1,1,1,52.5,Pass
3.3,78.0,56.8,88.3,5.6,1,1,1,53.3,Pass
5.8,73.0,65.6,86.4,5.6,0,2,1,54.2,Pass
1.3,52.7,64.1,71.6,8.3,1,2,0,33.3,Fail
4.1,87.7,75.6,96.6,8.0,0,1,0,58.9,Pass
3.0,78.6,49.6,66.8,6.8,0,1,1,50.2,Pass
3.3,67.8,80.3,71.2,7.6,1,1,1,53.8,Pass
6.0,81.5,72.0,100.0,6.1,1,1,1,65.6,Pass
5.1,73.0,45.2,93.0,6.5,1,1,1,54.4,Pass
6.7,73.7,83.1,74.6,5.5,1,2,1,64.3,Pass
3.7,87.3,98.5,84.3,7.9,0,1,0,65.0,Pass
2.6,63.9,80.0,82.3,5.5,1,1,1,49.6,Pass
3.6,92.6,86.4,38.8,8.7,1,0,0,54.4,Pass
4.5,63.2,66.3,66.4,6.0,0,2,1,58.9,Pass
4.4,72.0,40.1,79.2,6.5,0,1,1,48.7,Pass
1.8,100.0,37.3,74.7,7.6,1,1,1,48.2,Pass
4.2,93.5,68.8,83.7,6.5,0,1,1,59.3,Pass
4.5,81.2,56.1,96.9,6.1,0,1,1,54.9,Pass
9.0,68.7,51.3,75.2,6.5,1,2,1,58.2,Pass
7.8,73.6,64.1,64.1,7.8,1,2,1,60.9,Pass
2.3,80.9,74.2,84.9,5.5,1,1,1,50.7,Pass
3.4,80.5,43.2,75.1,6.3,1,1,1,47.4,Pass
1.1,78.9,58.3,77.7,6.5,0,2,1,42.2,Pass
2.8,79.6,87.6,75.6,7.8,1,1,1,56.5,Pass
4.6,77.4,48.9,100.0,6.4,0,2,0,57.9,Pass
6.4,62.7,78.0,46.4,9.2,1,0,1,52.7,Pass
2.5,73.8,57.7,74.2,6.3,0,0,1,36.4,Fail
2.7,91.0,73.2,79.9,6.1,1,1,1,58.5,Pass
0.0,63.6,81.5,68.3,6.2,1,1,1,44.0,Pass
3.7,77.7,76.1,93.5,4.5,1,1,1,52.0,Pass
1.9,70.2,78.6,92.2,4.9,0,2,1,55.8,Pass
2.9,81.3,47.7,79.3,5.7,0,0,1,40.7,Pass
2.2,75.3,81.7,75.9,8.2,0,1,1,57.5,Pass
3.8,97.7,52.2,78.3,6.5,0,1,1,54.5,Pass
0.5,86.1,68.9,78.4,5.8,1,2,1,37.6,Fail
1.1,64.3,68.9,78.8,8.3,0,1,1,46.0,Pass
8.3,88.1,72.3,77.2,8.8,1,1,1,65.4,Pass
1.4,70.7,70.1,83.8,8.4,0,1,1,45.5,Pass
1.8,73.1,52.3,91.3,5.2,0,1,1,42.8,Pass
7.7,83.8,44.8,61.5,5.8,1,2,1,56.5,Pass
9.8,74.1,78.1,64.2,9.2,0,1,0,64.0,Pass
1.7,90.7,67.8,53.8,6.9,0,1,1,38.6,Fail
3.3,70.7,82.2,93.0,6.1,0,2,1,62.6,Pass
4.7,72.6,64.3,83.8,7.6,0,1,1,53.5,Pass
7.5,72.1,43.9,87.6,8.0,1,0,1,53.5,Pass
2.0,73.2,79.5,58.6,5.6,0,1,1,42.0,Pass
3.5,93.2,59.4,100.0,6.8,0,2,1,62.3,Pass
5.6,87.5,70.1,70.9,7.9,1,2,1,53.7,Pass
4.9,100.0,55.3,82.5,4.8,0,1,1,59.1,Pass
3.2,100.0,89.7,92.8,6.5,1,2,1,61.7,Pass
3.7,67.6,51.9,65.2,4.8,0,1,1,42.9,Pass
1.3,80.8,59.9,71.8,5.0,1,1,1,40.4,Pass
3.5,65.9,66.6,82.7,5.7,0,1,1,47.3,Pass
3.5,70.7,48.6,100.0,7.2,0,1,1,50.8,Pass
4.5,72.4,70.0,84.5,6.0,1,1,1,56.6,Pass
2.9,67.3,89.2,100.0,5.5,1,2,1,53.5,Pass
4.9,67.4,57.6,98.1,6.6,1,1,1,54.6,Pass
6.0,78.3,70.9,85.5,4.8,1,2,1,65.3,Pass
4.3,65.4,23.8,65.2,7.1,0,1,1,32.9,Fail
4.7,90.1,64.4,95.9,8.2,1,1,1,60.9,Pass
4.1,69.0,60.3,57.5,6.4,1,0,1,42.6,Pass
4.0,100.0,52.7,100.0,6.2,0,1,1,53.7,Pass
2.6,74.6,81.2,83.0,7.1,0,0,1,54.2,Pass
4.6,80.9,60.1,40.2,3.5,0,1,1,45.3,Pass
3.8,64.5,62.3,74.9,7.3,1,2,1,44.0,Pass
8.2,100.0,59.3,89.8,10.0,0,2,1,76.3,Pass
7.1,93.4,36.2,76.4,6.3,0,0,1,61.8,Pass
4.8,83.6,48.0,90.7,6.3,1,1,1,45.5,Pass
2.5,63.8,79.4,67.2,7.6,1,0,1,40.8,Pass
1.8,82.5,33.4,60.4,9.0,0,2,1,44.6,Pass
6.4,66.5,53.5,78.9,8.0,1,1,0,53.0,Pass
4.5,97.5,59.0,80.5,3.3,0,1,1,64.7,Pass
5.0,89.7,91.2,74.8,7.3,1,1,1,66.5,Pass
0.5,81.1,76.5,98.4,10.0,0,1,1,54.0,Pass
5.9,50.8,56.6,67.2,7.4,0,1,1,43.3,Pass
4.9,68.2,84.6,84.7,4.8,1,1,1,60.6,Pass
1.8,88.3,53.9,81.0,6.9,0,0,1,42.0,Pass
3.1,94.6,80.1,56.6,4.6,0,0,1,60.1,Pass
4.5,93.3,44.6,60.2,8.3,0,0,1,53.1,Pass
4.1,60.9,81.1,80.2,5.1,1,1,1,49.3,Pass
3.4,83.6,58.9,100.0,6.6,1,2,1,60.4,Pass
3.8,92.2,49.6,88.7,5.2,1,1,1,65.8,Pass
3.5,60.1,61.7,54.1,5.7,1,2,1,43.8,Pass
4.3,79.9,69.2,33.3,8.7,1,1,1,52.3,Pass
6.9,83.3,57.6,91.0,6.7,0,2,1,60.0,Pass
0.0,76.4,73.3,78.6,5.7,0,2,1,46.6,Pass
3.5,57.8,56.3,97.1,4.8,1,1,1,41.4,Pass
4.4,76.1,74.3,66.8,3.7,1,2,1,54.2,Pass
4.6,76.1,71.6,85.3,4.6,1,1,0,56.5,Pass
3.3,78.2,64.1,92.7,6.7,1,2,1,63.8,Pass
0.5,73.2,58.4,73.3,8.0,0,1,1,33.8,Fail
4.7,74.7,67.3,73.6,5.7,1,1,0,52.4,Pass
7.5,79.5,73.3,80.4,8.9,1,1,1,70.9,Pass
0.9,85.3,95.9,88.1,5.4,1,2,1,55.3,Pass
5.7,76.3,79.1,79.8,6.1,1,2,1,60.0,Pass
3.3,75.1,79.6,94.6,4.9,1,1,1,52.5,Pass
3.9,81.1,100.0,73.1,8.0,1,2,1,56.7,Pass
1.9,56.9,72.7,60.1,9.6,0,2,1,35.1,Fail
3.3,85.7,72.3,100.0,3.9,1,1,1,54.9,Pass
6.6,80.0,75.6,70.9,6.0,0,0,1,55.0,Pass
5.2,80.5,49.9,71.5,8.4,0,0,1,53.0,Pass
7.5,91.5,58.3,79.0,4.3,0,0,1,57.8,Pass
6.4,56.6,57.4,81.0,7.4,0,0,1,50.1,Pass
4.9,56.3,74.7,74.2,8.3,0,2,1,50.7,Pass
7.5,83.3,62.4,79.7,6.6,1,1,1,62.2,Pass
4.9,79.9,67.1,79.4,7.3,1,1,1,54.3,Pass
5.7,82.0,81.3,82.6,9.1,1,1,0,57.4,Pass
3.4,74.5,77.9,44.6,9.4,0,1,1,50.0,Pass
4.1,88.0,62.6,100.0,6.4,0,1,1,64.0,Pass
2.6,91.2,55.0,77.8,5.7,1,1,1,51.9,Pass
6.0,85.8,82.0,88.7,5.1,1,1,0,61.2,Pass
1.6,76.9,76.6,59.3,8.0,0,1,1,47.1,Pass
5.6,54.7,40.9,72.9,4.4,1,0,1,35.2,Fail
3.6,89.2,60.3,69.9,6.1,1,2,1,53.0,Pass
6.3,94.7,67.5,100.0,6.7,1,0,1,63.9,Pass
5.5,87.7,76.7,71.2,5.7,1,1,1,55.7,Pass
7.6,69.4,78.7,91.4,6.9,1,1,1,61.1,Pass
5.5,88.1,69.3,70.2,10.0,1,1,1,57.7,Pass
0.9,90.3,73.8,73.2,6.3,0,2,1,55.6,Pass
3.9,98.7,66.0,76.3,5.8,0,0,1,62.2,Pass
1.7,69.5,54.9,99.3,8.0,0,2,1,43.7,Pass
3.0,77.3,61.1,51.7,6.9,1,2,1,44.6,Pass
7.0,89.0,65.3,60.3,8.7,1,1,1,58.4,Pass
5.3,80.7,64.5,50.8,6.7,0,1,0,56.4,Pass
2.6,66.6,36.7,63.7,6.1,1,0,1,40.3,Pass
2.0,85.0,59.0,67.8,3.8,0,2,1,48.0,Pass
4.1,86.9,65.8,55.8,4.1,0,1,1,54.4,Pass
1.6,81.1,60.8,69.0,3.7,1,0,1,42.5,Pass
2.7,82.6,61.3,49.8,7.1,0,1,1,53.3,Pass
4.6,76.9,72.3,64.7,4.5,0,0,1,52.9,Pass
6.3,97.7,48.8,98.0,8.4,0,1,1,58.8,Pass
5.2,69.2,40.6,86.1,6.5,0,1,0,49.0,Pass
0.0,73.0,59.8,82.8,6.1,1,0,1,48.8,Pass
4.6,80.1,76.5,65.0,5.2,1,2,1,54.1,Pass
4.1,90.5,90.3,57.0,7.4,1,1,1,63.7,Pass
4.8,62.0,76.7,62.9,5.3,1,1,1,48.7,Pass
7.2,64.3,43.0,79.4,5.0,0,1,1,49.2,Pass
0.0,55.5,61.5,93.0,8.3,1,2,1,45.7,Pass
2.8,80.4,68.8,93.5,7.0,0,1,1,50.1,Pass
5.2,66.6,67.7,89.5,6.1,0,2,1,60.4,Pass
0.8,75.4,73.1,68.9,7.5,1,1,1,48.3,Pass
7.0,87.9,51.2,80.4,6.5,0,2,1,56.0,Pass
4.7,72.3,66.0,75.2,7.1,0,1,1,53.3,Pass
5.7,82.8,71.3,77.0,5.3,0,2,1,56.8,Pass
2.9,76.4,77.4,100.0,9.6,1,0,1,58.5,Pass
5.6,88.1,52.9,53.6,5.6,0,2,1,62.9,Pass
6.1,85.7,59.8,76.5,8.8,0,2,1,57.9,Pass
4.5,71.7,24.4,98.2,6.2,1,1,1,50.9,Pass
4.5,78.0,55.7,58.0,7.7,0,1,1,50.0,Pass
4.5,92.5,57.1,70.3,7.6,1,1,1,55.8,Pass
2.3,84.7,49.7,72.1,8.2,0,1,1,46.6,Pass
3.7,63.2,67.5,76.7,5.2,1,1,1,45.5,Pass
3.7,87.9,64.2,56.1,8.1,1,1,1,53.9,Pass
4.8,67.0,31.1,88.9,9.3,0,1,1,46.7,Pass
6.0,97.0,68.2,90.0,6.1,1,0,1,59.6,Pass
1.9,92.3,51.1,87.6,6.6,0,2,0,55.8,Pass
3.7,83.5,72.3,66.9,5.7,1,0,1,53.9,Pass
7.0,81.9,45.8,81.3,6.0,1,1,1,56.6,Pass
2.5,77.5,65.5,66.5,9.1,1,0,1,55.4,Pass
2.4,88.1,60.8,75.0,5.0,1,0,1,40.8,Pass
4.4,75.6,69.5,100.0,5.1,1,0,1,63.7,Pass
5.7,82.8,66.9,81.4,8.9,1,1,1,55.7,Pass
4.0,90.5,61.2,62.2,7.4,0,1,1,54.3,Pass
6.7,73.3,42.0,82.7,9.7,1,1,1,52.6,Pass
5.7,72.6,42.8,59.7,5.8,1,1,0,44.1,Pass
5.7,65.7,56.2,62.0,6.7,1,1,1,57.3,Pass
5.1,67.2,64.9,64.4,5.5,0,0,1,59.8,Pass
8.7,58.1,55.9,73.3,6.7,0,0,1,55.2,Pass
3.6,88.8,74.4,94.1,3.8,1,1,1,60.5,Pass
0.0,100.0,60.8,88.7,7.5,1,1,1,50.9,Pass
7.2,97.1,50.5,87.8,7.0,0,1,1,72.1,Pass
3.1,60.5,60.8,63.5,6.4,0,1,1,33.8,Fail
4.2,88.7,68.4,71.9,5.9,0,2,1,58.3,Pass
6.6,97.1,69.9,84.1,5.2,0,0,1,60.7,Pass
0.8,74.5,93.2,70.6,7.6,1,1,1,38.8,Fail
1.5,81.2,55.0,75.8,4.7,0,0,1,43.3,Pass
0.8,55.9,63.9,86.6,7.3,0,1,0,51.5,Pass
2.4,83.2,71.4,74.8,9.6,0,1,1,49.2,Pass
4.9,67.2,64.6,83.4,8.7,0,2,1,58.8,Pass
5.0,82.4,57.5,100.0,4.2,1,0,1,63.7,Pass
4.6,61.3,41.8,77.4,5.7,0,1,1,45.9,Pass
1.2,86.5,57.3,97.7,7.1,0,0,0,50.2,Pass
0.0,92.3,48.9,88.4,6.4,0,1,1,37.3,Fail
4.1,70.6,39.1,58.0,4.4,1,0,1,39.5,Fail
3.1,66.4,53.1,63.5,7.1,1,0,1,48.6,Pass
4.9,54.1,49.3,67.5,6.5,0,2,1,46.3,Pass
5.4,76.8,73.8,67.2,9.4,1,0,1,58.7,Pass
4.3,73.0,74.0,78.6,6.1,0,1,1,55.3,Pass
5.5,61.4,51.4,89.2,8.3,1,2,1,64.5,Pass
4.5,85.4,61.1,98.8,4.6,0,2,1,56.3,Pass
5.1,74.6,37.1,84.6,5.0,1,2,1,59.0,Pass
2.6,67.1,57.6,73.3,7.6,1,1,1,46.9,Pass
3.6,73.3,71.0,48.8,8.1,0,1,1,57.2,Pass
4.4,92.9,77.4,81.1,5.1,0,2,1,54.5,Pass
5.6,87.2,54.3,80.4,6.5,0,0,1,57.6,Pass
3.2,78.4,80.8,82.7,4.4,0,2,1,53.7,Pass
5.0,87.4,42.3,100.0,6.2,0,0,1,56.5,Pass
3.5,66.1,46.3,98.6,7.8,0,2,1,55.9,Pass
3.8,80.4,75.6,91.8,5.8,1,1,1,59.7,Pass
5.7,81.8,90.1,65.6,6.1,0,1,0,66.7,Pass
0.0,74.4,72.4,72.3,4.8,1,1,1,40.9,Pass
1.4,85.2,64.4,78.6,5.5,0,0,0,43.8,Pass
1.0,70.6,32.1,68.4,9.1,0,1,1,37.8,Fail
0.0,86.1,34.7,87.5,6.6,0,2,1,42.0,Pass
2.6,86.6,66.9,85.4,5.0,1,1,1,52.8,Pass
5.5,45.0,59.6,63.7,6.0,0,1,1,41.3,Pass
3.4,94.3,48.4,98.0,4.1,0,0,0,59.8,Pass
4.4,43.4,66.0,81.5,5.0,1,1,1,45.6,Pass
6.2,72.6,66.7,54.1,8.5,1,1,1,61.8,Pass
6.7,92.3,79.2,79.2,6.3,1,0,1,65.3,Pass
3.9,76.2,67.0,84.2,9.3,0,2,1,58.5,Pass
6.7,62.4,83.4,94.6,6.4,0,1,1,64.9,Pass
4.2,66.9,65.1,74.9,6.4,1,1,1,47.1,Pass
2.3,92.3,63.3,92.4,7.5,1,2,1,57.6,Pass
2.8,56.9,81.0,82.8,3.0,1,1,1,59.1,Pass
1.0,93.5,50.3,60.3,6.8,0,2,1,46.5,Pass
2.2,79.3,100.0,58.8,6.4,0,1,1,58.3,Pass
3.3,65.7,70.6,96.8,8.7,1,1,0,57.1,Pass
5.6,73.0,70.7,97.9,7.9,1,1,1,62.3,Pass
7.4,67.8,72.9,84.8,4.8,0,0,1,61.3,Pass
1.2,90.4,93.2,100.0,8.4,1,1,1,62.4,Pass
4.8,88.8,76.9,95.8,6.1,1,0,1,66.1,Pass
1.9,59.4,40.9,90.3,5.1,0,0,1,33.9,Fail
4.9,75.2,86.1,66.3,6.8,0,1,1,58.6,Pass
3.7,69.6,59.9,100.0,6.2,1,2,1,53.2,Pass
0.3,95.5,66.6,88.0,8.8,0,0,1,48.8,Pass
5.9,63.8,45.8,74.2,7.0,1,2,1,57.6,Pass
2.8,99.3,72.9,70.0,6.8,1,2,1,53.1,Pass
2.9,79.6,55.2,83.9,7.9,0,2,0,43.9,Pass
1.9,66.1,66.5,54.9,8.1,1,2,1,48.2,Pass
2.7,71.9,60.7,90.5,7.7,0,2,1,43.9,Pass
4.9,70.4,93.9,65.7,8.6,0,1,1,48.4,Pass
3.6,64.7,94.7,85.6,7.4,1,1,1,61.8,Pass
4.7,81.1,65.7,72.2,6.8,1,2,0,56.3,Pass
4.7,65.3,66.0,76.0,8.4,0,1,1,54.9,Pass
6.6,53.8,59.4,68.6,6.4,1,2,1,50.2,Pass
3.3,75.4,81.6,77.6,6.5,1,2,1,48.6,Pass
1.0,58.4,60.1,100.0,9.1,1,1,1,39.8,Fail
6.1,71.0,58.7,100.0,8.9,1,1,1,58.3,Pass
3.3,69.1,79.7,85.3,6.5,0,1,1,47.6,Pass
6.2,69.5,56.9,79.6,5.8,0,0,1,55.9,Pass
4.8,100.0,64.4,92.7,8.7,1,1,1,60.6,Pass
3.7,80.7,41.3,96.9,7.7,0,2,1,53.3,Pass
4.7,82.9,75.6,67.6,7.0,1,1,1,57.8,Pass
7.9,58.7,94.1,78.8,6.0,0,1,1,65.6,Pass
8.2,72.2,75.8,52.7,7.0,0,2,1,62.9,Pass
4.1,82.6,86.9,96.8,6.5,0,0,1,59.5,Pass
4.3,67.7,52.3,100.0,5.5,0,2,1,53.8,Pass
6.2,90.9,68.5,81.2,6.7,0,0,0,62.5,Pass
2.3,65.6,50.9,48.1,6.9,1,2,0,28.2,Fail
4.7,76.6,61.6,89.1,5.9,1,1,1,59.0,Pass
3.9,73.0,76.6,66.4,7.9,0,1,0,53.5,Pass
4.6,82.0,66.5,70.0,8.4,0,1,0,57.7,Pass
2.3,72.3,43.8,89.4,8.0,1,1,0,39.9,Fail
0.8,76.7,45.3,83.8,6.1,0,1,1,41.2,Pass
0.0,77.2,44.3,72.7,7.6,0,2,0,34.4,Fail
1.8,71.2,72.4,70.3,6.6,0,2,0,51.2,Pass
3.1,85.8,96.0,81.9,4.6,1,0,1,52.1,Pass
3.4,82.9,85.4,73.9,7.5,1,1,1,52.6,Pass
7.9,78.9,36.6,63.4,6.7,1,2,1,58.1,Pass
6.2,74.8,86.3,75.0,10.0,1,2,0,59.8,Pass
2.1,89.6,79.0,85.1,8.7,1,1,1,51.8,Pass
4.7,77.2,41.8,77.3,7.6,0,0,1,54.2,Pass
3.2,76.3,60.5,58.8,6.9,0,2,1,52.8,Pass
3.4,81.3,81.4,94.8,6.7,0,1,1,62.3,Pass
4.4,100.0,73.3,38.9,5.0,0,1,1,58.7,Pass
5.2,63.9,45.4,73.3,3.9,1,2,1,47.6,Pass
3.3,89.2,74.2,70.7,5.2,0,1,1,53.7,Pass
6.1,57.3,32.9,82.2,6.4,0,2,1,45.1,Pass
1.7,82.6,61.7,88.4,3.3,0,0,1,49.6,Pass
4.0,98.9,82.1,96.9,5.7,1,2,1,62.4,Pass
9.2,85.9,65.3,69.3,6.1,1,2,0,63.9,Pass
4.4,82.0,57.5,88.8,6.2,1,2,1,59.3,Pass
6.9,73.3,78.3,82.9,5.5,0,2,1,68.4,Pass
4.2,80.4,79.6,54.3,6.0,0,2,1,56.1,Pass
5.2,77.0,84.7,100.0,9.1,1,1,0,72.7,Pass
3.9,70.6,78.1,58.4,7.5,1,2,1,48.9,Pass
3.7,76.5,81.2,86.3,5.7,1,2,1,48.3,Pass
2.4,82.4,76.0,85.8,6.4,0,1,1,57.7,Pass
4.9,70.8,69.0,84.1,6.5,0,1,1,51.5,Pass
2.3,70.3,66.3,72.6,5.3,1,0,1,45.4,Pass
5.3,63.7,61.4,92.4,5.3,1,1,1,45.9,Pass
6.2,84.7,46.8,56.6,8.0,1,2,1,49.7,Pass
4.7,86.5,50.7,79.0,5.9,0,1,1,46.5,Pass
3.4,82.8,60.8,71.5,4.9,0,1,1,48.7,Pass
4.9,91.6,68.6,69.8,6.4,0,1,1,55.9,Pass
3.4,81.1,86.6,86.4,6.7,1,0,0,58.2,Pass
5.9,84.7,64.4,96.2,3.5,0,2,1,67.7,Pass
0.3,83.6,80.1,74.9,6.4,0,1,1,52.3,Pass
3.3,78.9,81.2,91.7,7.8,0,0,0,48.6,Pass
0.0,73.6,61.5,80.7,7.2,1,0,1,46.2,Pass
1.0,100.0,73.9,66.6,9.8,0,2,1,53.6,Pass
6.7,74.6,61.3,76.1,8.4,0,2,1,58.3,Pass
5.8,72.0,84.8,75.5,8.7,1,0,1,59.9,Pass
2.6,85.2,74.5,69.6,10.0,1,0,1,54.0,Pass
1.0,83.0,47.1,86.4,7.6,1,1,1,42.6,Pass
0.0,63.1,67.4,83.5,6.7,1,0,0,41.1,Pass
2.9,93.5,89.7,56.1,8.0,0,2,1,62.9,Pass
8.8,78.9,62.3,55.2,5.7,1,0,1,56.5,Pass
4.9,66.7,71.7,86.4,6.7,1,1,1,50.7,Pass
2.9,94.3,73.2,67.8,5.5,0,1,1,54.0,Pass
4.9,87.5,49.5,84.5,7.1,1,1,0,50.0,Pass
0.9,64.8,72.7,91.7,5.5,0,1,1,38.2,Fail
3.4,100.0,44.1,60.9,5.5,0,0,1,47.5,Pass
4.2,87.9,55.6,58.8,7.1,0,1,0,58.3,Pass
3.8,79.9,81.1,100.0,6.3,0,0,1,59.1,Pass
5.6,99.1,70.4,85.3,3.6,1,0,0,63.4,Pass
4.7,81.9,60.4,73.7,4.3,0,2,1,43.6,Pass
5.3,79.7,71.7,66.0,4.8,1,1,1,58.4,Pass
2.6,72.1,64.1,72.3,5.2,0,1,0,47.8,Pass
5.8,87.0,65.2,62.1,7.1,0,0,1,53.2,Pass
7.3,85.7,74.9,93.3,6.8,0,2,1,68.2,Pass
2.1,80.2,54.1,68.3,8.1,0,2,1,47.7,Pass
2.2,70.5,65.6,96.4,7.6,1,2,1,46.6,Pass
6.7,81.6,60.3,74.0,8.1,1,1,0,60.7,Pass
3.6,79.2,41.2,64.3,7.4,0,2,1,52.8,Pass
6.8,64.0,51.2,73.6,6.8,1,1,1,52.5,Pass
3.1,62.3,88.5,40.6,8.1,1,2,1,44.1,Pass
6.9,86.8,70.8,78.2,7.9,1,2,0,63.1,Pass
4.3,48.8,45.1,77.4,7.1,0,0,1,47.3,Pass
4.5,82.5,41.9,92.4,8.4,0,1,0,47.1,Pass
7.1,74.3,63.3,51.7,3.0,1,1,1,57.7,Pass
3.3,95.7,88.4,97.4,6.1,1,0,1,59.5,Pass
2.1,74.1,62.2,92.3,6.0,0,2,1,51.5,Pass
3.1,87.9,84.6,98.8,8.2,1,0,1,58.0,Pass
4.9,75.2,70.3,79.2,8.9,0,2,1,54.4,Pass
0.9,81.4,72.1,95.2,4.3,1,2,1,59.1,Pass
5.3,88.8,45.0,57.9,8.6,0,1,0,44.8,Pass
2.9,74.4,79.1,90.7,4.7,1,1,1,57.3,Pass
6.3,92.0,60.0,68.4,4.8,0,1,0,67.0,Pass
0.0,68.1,77.9,55.2,6.1,0,2,1,45.3,Pass
2.4,83.5,52.8,63.1,6.0,1,1,1,40.0,Pass
0.6,91.1,67.7,80.1,4.2,0,1,1,42.5,Pass
2.3,87.9,70.3,67.6,7.5,1,1,1,48.2,Pass
4.5,100.0,62.7,85.6,7.5,1,2,1,62.0,Pass
3.6,70.8,71.1,52.9,8.1,0,1,0,49.6,Pass
3.5,63.5,61.0,48.1,5.8,0,1,1,37.2,Fail
3.7,68.1,55.3,100.0,6.4,1,2,0,48.1,Pass
4.4,87.9,89.1,93.6,6.5,1,0,1,59.3,Pass
2.0,86.0,80.7,64.3,9.0,1,0,1,51.2,Pass
5.4,81.2,53.6,80.0,3.0,0,1,1,64.3,Pass
5.3,66.5,73.5,95.3,5.1,1,0,1,52.9,Pass
4.8,89.2,53.9,86.3,6.5,0,0,1,51.1,Pass
5.1,65.3,47.2,82.2,4.9,1,1,1,44.5,Pass
4.6,93.9,80.5,96.4,6.1,0,1,0,66.8,Pass
8.1,100.0,39.4,69.0,6.3,0,1,1,60.6,Pass
3.8,84.4,78.9,80.5,5.5,1,1,0,52.9,Pass
3.4,87.0,61.2,79.7,6.6,1,1,1,52.1,Pass
2.5,74.1,61.8,75.9,7.4,0,1,1,44.4,Pass
1.9,58.3,71.1,74.2,6.1,1,2,1,47.4,Pass
1.5,72.8,73.7,81.1,5.8,0,2,1,62.7,Pass
2.2,66.9,52.6,80.5,6.3,0,1,1,47.5,Pass
3.9,62.6,75.8,64.3,6.5,0,2,1,49.9,Pass
4.7,100.0,66.7,92.0,3.9,0,2,1,58.7,Pass
4.1,83.3,46.2,65.4,7.2,0,0,1,41.9,Pass
2.5,84.6,62.5,76.7,5.8,0,2,1,54.8,Pass
5.8,76.3,85.7,75.6,8.4,0,2,1,65.3,Pass
5.5,77.9,90.1,85.4,7.4,1,1,1,61.1,Pass
3.7,91.6,75.8,48.2,8.3,1,0,1,59.6,Pass
2.7,79.6,47.1,93.4,5.0,1,1,1,49.6,Pass
5.1,86.4,72.4,69.8,5.9,0,1,0,61.3,Pass
4.4,77.6,77.8,98.3,4.6,1,2,1,61.7,Pass
1.1,75.9,75.9,72.8,5.4,0,1,1,46.6,Pass
3.9,63.1,76.8,79.3,8.4,1,0,1,47.8,Pass
4.5,56.3,70.4,100.0,8.7,1,1,1,54.4,Pass
2.2,76.9,63.9,75.8,4.8,0,2,1,52.9,Pass
4.4,80.7,55.9,98.6,5.8,0,0,1,52.7,Pass
1.1,64.6,36.5,80.6,6.4,1,2,1,41.7,Pass
6.7,79.6,70.1,86.2,7.4,1,1,1,57.1,Pass
6.5,80.6,67.8,81.0,3.9,1,1,0,63.9,Pass
3.5,54.1,73.4,92.7,4.1,1,1,0,51.9,Pass
4.7,69.0,44.9,69.7,7.2,1,1,1,42.3,Pass
0.0,84.9,74.7,65.2,3.6,0,1,1,44.1,Pass
1.7,84.6,95.8,70.4,5.8,1,1,0,59.2,Pass
3.4,66.2,66.2,81.5,6.7,0,0,1,43.3,Pass
1.9,81.9,64.1,76.7,7.1,0,1,1,43.8,Pass
5.4,92.3,69.6,90.7,6.3,0,2,1,62.7,Pass
8.0,89.3,95.5,99.6,6.0,1,2,1,85.6,Pass
1.6,78.9,49.6,65.4,7.8,1,1,1,40.6,Pass
2.3,74.4,68.0,69.0,6.9,0,2,0,50.9,Pass
4.5,72.4,53.0,58.5,5.5,0,0,1,48.3,Pass
7.2,85.6,56.8,100.0,6.6,0,0,0,60.1,Pass
1.6,82.3,64.3,84.6,7.1,1,1,0,50.7,Pass
4.5,87.6,85.2,87.2,9.1,1,1,1,60.8,Pass
7.6,81.6,92.0,59.9,7.7,0,2,1,64.1,Pass
0.7,89.8,71.7,80.0,8.3,0,0,0,41.4,Pass
1.4,81.1,59.4,87.6,5.6,1,1,1,48.7,Pass
3.2,89.4,100.0,76.2,5.7,0,1,1,65.0,Pass
3.0,90.4,58.6,96.1,6.1,0,1,0,55.1,Pass
5.6,70.3,56.4,100.0,6.3,0,1,1,62.3,Pass
4.5,58.3,38.4,65.8,5.0,0,1,1,45.5,Pass
0.5,98.5,85.9,64.7,8.4,0,1,1,52.3,Pass
5.0,83.1,79.5,66.8,7.8,1,1,1,55.6,Pass
2.8,59.4,100.0,100.0,6.0,0,1,1,54.4,Pass
6.5,71.4,44.2,95.6,7.5,0,2,1,49.6,Pass
2.7,89.3,86.9,78.0,6.8,1,1,1,56.5,Pass
2.7,76.6,66.1,80.5,7.6,1,0,1,51.6,Pass
5.1,73.9,77.1,67.8,4.5,0,0,1,63.2,Pass
5.5,96.8,40.3,93.4,6.3,0,0,1,60.2,Pass
4.9,67.4,87.0,74.3,6.4,1,0,1,52.3,Pass
0.6,70.4,76.8,76.1,7.4,0,1,1,39.2,Fail
5.1,82.5,64.4,89.1,5.6,1,0,1,56.8,Pass
1.9,84.7,74.7,77.2,3.0,0,1,1,55.2,Pass
4.5,86.0,53.5,76.5,4.9,0,0,1,51.5,Pass
1.2,90.9,56.3,80.2,6.4,0,1,1,51.1,Pass
4.9,82.4,58.0,91.9,6.6,1,0,1,55.9,Pass
2.4,85.9,37.2,100.0,9.0,0,1,1,53.4,Pass
1.4,76.9,77.9,88.8,7.4,0,1,1,43.8,Pass
5.4,80.8,82.9,92.0,6.6,0,2,1,71.5,Pass
4.5,81.3,54.5,77.0,6.5,1,1,1,47.7,Pass
2.8,82.6,70.2,69.4,8.2,0,2,1,56.3,Pass
6.9,89.3,61.0,89.8,5.6,1,1,1,62.1,Pass
3.1,86.7,69.9,82.6,6.3,1,0,1,54.1,Pass
4.1,80.5,55.6,58.7,4.9,0,1,0,47.3,Pass
4.5,70.3,51.7,75.1,8.6,1,2,1,52.6,Pass
2.8,80.8,80.8,78.8,7.1,1,1,1,57.3,Pass
4.9,79.7,64.0,72.3,5.4,0,1,1,59.8,Pass
2.9,82.3,95.3,100.0,6.3,0,1,1,68.3,Pass
3.2,100.0,65.7,87.2,7.3,0,0,1,59.1,Pass
6.7,73.7,51.1,100.0,6.1,0,2,0,67.8,Pass
1.9,85.1,83.4,84.0,5.7,0,0,1,54.5,Pass
0.0,92.8,74.5,81.2,5.5,1,0,1,55.0,Pass
7.2,81.2,75.9,66.0,7.0,1,0,0,63.4,Pass
9.1,100.0,82.9,80.2,6.0,0,1,1,70.6,Pass
3.2,75.5,55.2,80.2,5.8,0,2,1,50.7,Pass
0.1,83.9,63.1,59.5,4.5,0,2,1,45.4,Pass
3.4,70.4,62.4,71.9,6.6,0,2,1,49.3,Pass
3.4,75.8,45.6,75.2,6.2,0,1,1,49.3,Pass
3.6,83.0,61.0,86.2,6.0,1,1,1,58.6,Pass
1.8,90.2,85.0,86.9,6.8,1,1,0,56.4,Pass
5.2,83.8,68.6,71.3,7.6,0,0,1,41.9,Pass
5.0,95.1,44.8,87.0,7.6,1,2,1,66.4,Pass
1.0,78.9,41.7,77.3,7.3,1,1,0,40.9,Pass
5.4,76.0,90.0,37.0,6.1,1,1,1,51.1,Pass
8.1,100.0,63.6,72.7,5.6,0,1,1,60.5,Pass
4.3,84.7,55.3,96.2,4.9,0,2,1,54.9,Pass
3.3,71.4,60.9,54.8,5.6,1,1,1,43.4,Pass
3.7,71.7,42.8,81.7,6.5,0,2,1,44.4,Pass
5.2,68.7,86.3,100.0,5.3,1,2,1,58.9,Pass
0.5,91.2,59.1,68.6,6.6,0,2,0,48.9,Pass
4.3,75.6,85.5,80.0,5.1,1,0,0,67.3,Pass
3.2,81.5,65.8,60.4,4.0,1,0,1,53.2,Pass
7.7,79.2,86.4,100.0,7.7,0,1,1,75.4,Pass
3.7,88.8,68.9,78.8,5.8,0,2,1,54.4,Pass
7.3,69.8,77.8,80.7,5.2,1,2,1,63.2,Pass
1.8,67.1,75.8,100.0,4.9,0,1,1,53.2,Pass
5.2,82.7,74.3,89.9,7.1,1,1,1,57.9,Pass
4.6,87.2,70.2,66.9,8.6,1,0,1,54.4,Pass
2.3,84.0,61.5,70.3,5.9,0,1,1,53.0,Pass
4.4,70.3,93.7,87.4,6.2,1,1,1,65.4,Pass
6.4,88.1,51.4,70.6,8.1,0,1,1,57.9,Pass
3.4,71.1,65.1,48.2,3.8,1,2,1,40.3,Pass
0.6,73.7,65.2,79.2,9.5,0,1,0,44.0,Pass
4.0,68.7,71.0,57.8,10.0,0,1,1,43.1,Pass
2.2,95.6,58.6,100.0,3.0,0,0,1,54.1,Pass
3.3,87.6,69.7,82.7,6.4,1,1,0,56.9,Pass
3.8,87.3,62.5,66.4,5.4,1,1,1,51.6,Pass
0.6,95.0,41.3,69.5,6.1,1,1,0,44.6,Pass
0.8,100.0,65.1,51.7,5.9,0,0,0,48.1,Pass
5.0,59.5,48.5,63.5,7.7,0,0,1,46.9,Pass
3.0,71.1,39.0,95.2,6.3,1,0,1,40.6,Pass
0.0,72.6,67.1,100.0,5.1,1,1,1,45.7,Pass
5.6,69.8,72.3,90.9,6.2,0,1,1,60.4,Pass
4.5,67.1,72.9,78.6,7.3,1,1,1,62.3,Pass
2.6,76.4,73.5,73.5,4.7,0,1,0,48.7,Pass
1.4,65.4,36.0,65.7,4.0,0,0,1,38.6,Fail
5.7,84.0,44.6,100.0,9.5,1,1,1,63.2,Pass
4.7,80.6,94.6,77.2,5.5,0,0,1,59.5,Pass
8.8,85.8,49.3,100.0,6.3,0,2,1,72.2,Pass
4.8,86.1,74.2,100.0,5.9,1,0,1,67.8,Pass
4.8,87.2,54.7,53.9,7.3,1,1,1,58.9,Pass
3.7,75.5,66.2,70.0,9.2,0,0,1,53.4,Pass
5.6,100.0,55.5,70.0,7.4,1,2,1,71.8,Pass
5.3,82.8,73.4,78.8,4.2,0,0,1,54.8,Pass
6.5,57.7,67.1,79.1,4.4,0,2,1,65.8,Pass
3.0,68.0,58.3,100.0,5.9,0,0,1,53.9,Pass
3.1,59.1,49.2,63.8,6.1,0,2,1,49.2,Pass
3.0,80.2,69.0,83.4,3.9,0,1,0,50.8,Pass
5.6,78.5,46.8,89.2,7.7,0,1,1,59.6,Pass
7.0,74.4,71.4,80.0,4.9,1,1,0,67.7,Pass
3.1,100.0,100.0,81.7,8.7,1,1,0,58.9,Pass
3.2,86.6,85.3,64.3,9.2,1,2,1,56.2,Pass
4.6,88.7,75.8,81.6,6.1,1,2,1,50.0,Pass
3.5,68.8,63.7,87.7,7.2,0,0,1,50.1,Pass
5.9,68.0,35.9,84.9,4.7,0,1,1,46.1,Pass
0.0,80.4,45.2,88.6,7.4,0,1,1,41.7,Pass
2.3,82.1,84.2,100.0,5.8,1,0,1,71.9,Pass
2.4,57.7,53.2,94.1,4.9,0,1,1,53.6,Pass
0.0,77.8,54.5,81.1,6.1,0,1,1,35.4,Fail
2.1,80.2,62.5,62.4,5.8,0,1,1,49.3,Pass
2.2,77.4,49.1,71.0,6.0,0,2,1,49.4,Pass
3.6,70.2,46.6,76.7,7.9,1,2,0,46.2,Pass
6.2,73.5,64.2,83.8,5.3,1,2,1,59.7,Pass
3.5,77.9,51.6,72.8,9.1,0,0,1,50.2,Pass
1.9,81.1,53.9,66.0,4.5,1,2,1,39.1,Fail
3.9,87.3,53.3,62.2,8.9,1,1,1,46.3,Pass
6.1,93.0,72.8,55.2,5.0,0,1,1,60.0,Pass
2.0,76.5,61.5,76.5,6.5,0,0,1,47.6,Pass
2.2,74.5,62.3,58.0,5.8,1,2,1,42.2,Pass
5.1,85.3,74.0,65.0,6.0,0,1,1,53.2,Pass
3.6,87.3,62.9,74.1,7.7,0,2,1,53.8,Pass
5.3,74.8,60.8,60.0,8.7,0,1,1,57.0,Pass
4.0,89.5,72.1,85.7,8.3,1,2,1,59.4,Pass
5.4,91.8,75.0,91.1,5.9,1,1,0,71.5,Pass
1.9,95.5,62.8,71.8,6.8,1,2,1,48.8,Pass
4.0,100.0,66.2,73.4,5.3,0,1,1,58.4,Pass
3.6,69.6,53.3,88.1,5.0,0,1,1,47.6,Pass
1.6,80.2,52.1,69.3,4.8,1,2,1,48.0,Pass
0.9,80.1,76.5,68.3,5.8,1,1,1,44.0,Pass
5.4,78.8,71.7,97.9,6.9,1,1,1,71.1,Pass
3.3,72.2,71.8,93.3,3.6,1,2,1,46.0,Pass
2.0,62.2,69.2,89.0,6.4,0,1,1,56.3,Pass
3.8,81.1,65.7,93.9,8.8,1,2,1,58.1,Pass
6.3,70.8,75.4,50.3,8.2,1,1,1,58.3,Pass
0.0,81.0,79.0,100.0,5.6,1,2,1,58.6,Pass
1.0,70.5,78.7,85.9,4.4,1,0,1,52.5,Pass
2.2,66.8,63.5,95.2,7.2,0,1,0,45.2,Pass
6.9,82.8,85.8,85.8,3.0,1,2,1,69.4,Pass
4.6,81.8,68.4,80.7,8.2,0,1,1,66.3,Pass
5.5,87.0,74.5,75.9,6.2,0,1,1,55.8,Pass
1.7,100.0,69.2,85.5,9.2,1,1,1,66.7,Pass
1.8,83.3,68.7,75.3,3.9,1,1,1,51.5,Pass
4.9,85.8,54.0,93.0,7.9,1,1,1,55.7,Pass
4.1,67.1,75.5,56.2,6.3,0,0,1,44.9,Pass
5.1,64.6,100.0,71.9,6.0,0,2,1,58.3,Pass
3.6,99.0,59.4,100.0,4.4,0,1,1,49.0,Pass
4.6,68.9,66.1,70.6,7.4,1,1,0,49.9,Pass
4.3,67.5,58.3,76.4,7.5,1,1,1,49.5,Pass
5.6,79.5,57.7,66.8,9.2,1,0,0,48.8,Pass
5.6,78.9,88.2,85.0,8.0,0,0,0,66.1,Pass
0.8,69.2,54.9,69.0,5.6,1,2,1,40.5,Pass
0.0,76.3,57.9,77.2,5.0,1,1,1,39.3,Fail
6.0,94.8,41.2,92.7,4.4,0,0,1,56.2,Pass
6.4,70.3,53.6,69.5,8.7,1,2,0,56.5,Pass
2.0,63.3,39.4,91.8,5.3,1,1,1,43.0,Pass
0.3,91.3,74.5,92.3,8.7,0,0,0,48.1,Pass
4.2,85.9,100.0,95.8,7.3,0,1,0,65.7,Pass
5.9,72.6,59.5,82.1,7.0,1,1,1,56.1,Pass
7.6,61.0,40.0,100.0,6.0,1,1,1,50.5,Pass
5.0,71.1,78.5,95.8,7.5,1,2,1,59.3,Pass
3.3,79.3,54.1,84.9,6.5,1,1,1,54.1,Pass
2.2,94.0,84.5,66.9,5.9,0,1,1,57.8,Pass
4.0,67.6,60.8,78.5,7.5,1,1,1,49.8,Pass
3.4,79.0,55.5,100.0,6.3,1,2,1,58.0,Pass
2.0,88.1,62.3,100.0,5.3,0,2,1,49.2,Pass
8.1,51.4,76.4,100.0,7.4,1,2,1,58.7,Pass
7.6,92.4,61.6,91.8,6.4,0,1,1,64.6,Pass
6.3,65.8,57.5,61.2,7.2,0,2,1,60.0,Pass
2.2,84.0,62.0,87.3,5.8,0,1,0,51.7,Pass
5.7,83.0,45.9,61.4,4.7,1,1,1,50.5,Pass
5.3,93.0,71.0,57.7,9.1,0,0,0,65.1,Pass
4.9,86.6,38.2,83.6,8.8,0,2,1,52.4,Pass
6.5,51.5,58.3,87.8,7.8,1,1,1,65.2,Pass
5.3,70.6,76.4,93.6,5.9,0,1,1,56.5,Pass
5.5,81.7,69.5,87.5,6.0,1,1,1,55.0,Pass
5.3,77.7,73.9,88.0,8.6,1,0,1,58.9,Pass
4.7,85.7,64.0,65.2,6.0,0,2,1,53.7,Pass
0.4,89.5,82.5,78.4,5.6,0,2,1,47.8,Pass
4.2,87.3,78.9,57.4,9.3,1,1,0,69.3,Pass
2.9,77.4,71.7,49.9,6.4,0,1,1,49.4,Pass
1.4,57.8,78.9,91.1,9.2,0,1,0,50.6,Pass
7.4,74.5,76.3,68.7,4.4,1,2,1,59.1,Pass
7.5,85.0,58.4,93.1,7.3,1,0,0,60.4,Pass
6.7,66.9,44.8,96.6,9.6,1,1,1,62.1,Pass
4.5,87.6,71.3,70.7,6.5,1,1,0,48.5,Pass
6.7,90.9,73.2,88.9,6.1,1,1,1,60.1,Pass
4.0,81.5,81.4,70.1,4.7,1,1,1,55.0,Pass
4.4,43.2,51.0,52.3,8.1,1,0,1,46.9,Pass
1.8,64.7,51.4,81.8,5.3,1,2,1,42.2,Pass
4.8,100.0,71.9,72.9,6.4,1,0,1,62.4,Pass
4.1,73.4,63.9,73.4,4.6,0,0,1,50.8,Pass
1.4,56.2,36.7,100.0,8.8,0,1,1,47.4,Pass
3.9,94.8,70.6,57.1,8.2,0,1,1,47.3,Pass
3.8,80.2,37.2,85.7,6.5,0,0,1,52.1,Pass
7.6,93.3,50.8,65.1,4.8,0,1,1,58.6,Pass
5.8,83.3,85.3,93.6,8.8,0,2,1,70.7,Pass
4.0,85.5,92.4,84.5,6.0,1,0,1,57.1,Pass
4.5,84.4,46.8,85.7,4.8,0,2,0,53.4,Pass
4.1,88.4,60.1,65.8,3.9,0,1,0,51.5,Pass
3.6,100.0,65.6,68.5,5.5,0,1,0,50.4,Pass
1.8,91.7,91.7,93.9,4.3,0,0,0,51.4,Pass
3.7,61.0,57.6,100.0,5.6,1,2,1,48.6,Pass
2.5,85.4,57.8,87.2,7.6,0,2,1,53.1,Pass
1.5,93.7,88.2,66.5,5.9,0,0,1,49.6,Pass
5.0,94.4,59.4,85.1,7.0,1,0,1,57.5,Pass
4.8,74.9,75.8,100.0,5.4,0,1,1,50.2,Pass
0.4,94.0,42.8,81.5,6.6,0,0,1,42.5,Pass
3.8,91.1,62.4,100.0,9.4,1,2,0,65.0,Pass
6.0,100.0,40.1,68.9,6.0,1,1,1,60.1,Pass
6.1,71.0,49.2,79.4,7.1,1,1,1,53.7,Pass
6.1,73.9,77.6,89.3,4.2,1,2,1,62.9,Pass
4.1,76.3,64.3,86.0,8.8,1,2,1,51.6,Pass
2.3,74.1,60.2,68.5,5.8,0,2,1,54.9,Pass
1.8,69.3,53.8,67.9,8.1,1,1,1,53.9,Pass
4.7,46.8,61.7,94.8,6.3,1,1,1,51.1,Pass
4.8,74.8,69.5,97.9,7.4,0,1,0,71.1,Pass
6.6,84.4,79.7,100.0,7.5,1,1,0,63.7,Pass
6.2,74.1,25.6,100.0,5.8,0,1,0,46.1,Pass
3.7,100.0,52.5,82.0,8.1,1,0,1,52.4,Pass
1.5,80.2,67.4,75.3,5.4,1,1,1,47.3,Pass
3.4,95.5,63.5,100.0,7.7,0,1,1,70.6,Pass
4.4,83.1,71.1,90.7,5.9,0,1,0,56.7,Pass
3.6,89.9,69.0,65.3,7.0,1,0,1,49.6,Pass
2.8,83.4,60.4,64.5,5.8,1,1,1,44.7,Pass
4.5,96.4,57.1,87.4,6.6,0,1,1,64.1,Pass
3.0,80.7,61.3,77.3,4.9,0,2,1,56.0,Pass
2.7,86.0,82.2,79.6,6.9,1,2,1,54.6,Pass
4.6,84.4,54.0,96.1,6.6,0,1,1,47.3,Pass
3.2,76.5,64.1,91.4,5.7,1,0,1,47.0,Pass
4.5,84.9,67.8,99.9,6.4,1,1,1,68.8,Pass
4.5,100.0,88.4,51.0,6.7,0,0,1,62.9,Pass
1.7,76.8,60.5,83.8,5.6,1,1,1,48.4,Pass
3.0,85.0,79.4,90.4,6.3,0,2,0,67.1,Pass
6.9,95.1,83.5,57.1,5.0,1,0,1,73.3,Pass
1.7,93.7,64.0,70.2,10.0,1,1,1,51.3,Pass
0.0,80.1,61.8,67.4,8.1,0,2,1,43.5,Pass
0.3,51.4,60.1,80.3,6.9,0,1,1,35.7,Fail
4.1,86.2,61.2,100.0,8.3,0,0,1,56.2,Pass
4.1,53.4,77.8,100.0,3.5,1,0,0,45.3,Pass
3.8,97.6,68.5,67.8,3.0,0,2,1,48.6,Pass
6.4,82.0,68.5,87.9,5.9,1,0,1,52.9,Pass
0.0,92.0,48.1,88.4,4.4,1,1,1,51.0,Pass
4.8,69.2,50.5,85.8,6.1,0,2,1,44.2,Pass
7.1,61.4,97.2,86.0,6.8,1,1,1,74.5,Pass
1.7,83.1,62.3,84.6,7.9,0,2,1,47.2,Pass
3.2,79.6,53.4,100.0,4.8,1,0,1,61.0,Pass
2.5,74.1,86.5,96.5,7.1,0,1,0,54.2,Pass
2.2,81.0,69.2,64.1,6.5,1,1,1,41.3,Pass
3.3,100.0,73.7,91.9,7.0,0,2,0,67.4,Pass
6.9,90.0,62.9,93.4,5.7,0,1,1,71.1,Pass
7.7,92.6,60.2,84.7,8.6,1,0,1,60.6,Pass
3.3,90.1,62.5,97.0,6.3,1,2,0,55.8,Pass
7.8,97.8,44.3,82.8,9.2,1,0,1,58.7,Pass
4.1,77.7,63.7,83.0,5.3,1,2,1,54.0,Pass
7.5,55.3,69.4,81.8,7.6,0,1,1,58.5,Pass
3.8,77.7,92.8,49.7,6.4,1,1,1,52.8,Pass
4.3,89.7,66.3,78.8,6.0,0,2,0,48.0,Pass
4.7,68.4,30.0,70.0,7.4,0,2,0,42.3,Pass
10.4,77.9,63.6,62.2,6.1,1,0,1,68.1,Pass
5.7,71.7,100.0,100.0,3.0,1,2,0,64.9,Pass
2.6,98.0,78.0,87.6,3.0,0,2,1,56.7,Pass
5.9,89.0,52.8,79.6,8.4,0,2,1,54.3,Pass
3.3,87.8,73.9,71.5,8.3,1,1,1,52.5,Pass
3.0,87.5,53.9,84.4,9.3,0,1,1,59.7,Pass
5.8,79.6,44.7,94.9,6.5,0,1,1,50.5,Pass
4.1,82.4,59.8,67.6,4.6,0,0,1,54.4,Pass
4.6,65.8,66.4,79.9,5.9,0,1,0,52.2,Pass
4.0,53.8,36.9,93.0,6.5,0,1,1,45.9,Pass
4.7,81.8,47.8,51.0,5.0,1,1,1,44.5,Pass
4.8,83.9,65.2,79.1,9.0,0,1,1,55.6,Pass
0.1,94.5,58.9,73.6,9.9,0,1,1,47.2,Pass
5.3,98.9,70.9,78.0,7.2,1,1,1,60.1,Pass
2.0,98.8,46.8,72.5,6.5,1,1,1,51.1,Pass
1.1,68.0,75.7,82.1,4.6,1,2,1,50.2,Pass
3.9,75.8,47.2,100.0,8.8,1,2,1,64.8,Pass
4.2,85.8,89.6,75.1,6.6,1,0,0,60.8,Pass
2.6,100.0,39.3,84.4,6.1,1,0,1,41.0,Pass
5.7,97.8,48.6,100.0,7.2,1,1,1,67.8,Pass
1.3,93.4,71.3,71.7,5.6,1,1,0,49.9,Pass
3.2,75.3,90.0,100.0,6.7,1,2,1,70.3,Pass
2.8,69.4,69.7,80.1,4.3,0,0,1,56.3,Pass
3.9,89.5,73.4,100.0,8.1,1,0,1,58.3,Pass
4.6,66.8,65.3,91.3,6.3,1,1,1,58.1,Pass
2.0,77.1,49.6,84.6,8.2,0,2,1,44.6,Pass
5.4,78.6,57.6,79.0,6.2,1,2,1,56.3,Pass
4.1,99.1,46.8,70.6,6.3,0,2,1,57.5,Pass
0.2,75.7,45.8,81.1,4.7,0,1,1,46.1,Pass
0.1,50.7,71.0,93.5,7.6,1,2,1,47.9,Pass
4.0,86.1,48.2,79.8,5.2,0,0,1,51.4,Pass
3.6,71.6,69.8,75.3,5.8,0,1,1,63.7,Pass
3.8,80.5,45.5,76.2,6.5,0,2,1,48.0,Pass
3.9,79.0,69.4,94.9,6.7,1,1,1,49.3,Pass
4.5,76.7,57.7,98.4,3.9,0,2,1,48.6,Pass
5.9,89.5,86.1,70.0,6.2,1,1,1,70.8,Pass
1.8,61.6,69.9,70.0,7.7,1,0,1,44.2,Pass
1.7,73.8,83.5,85.7,5.9,1,1,1,53.1,Pass
1.8,88.2,53.7,100.0,6.2,1,2,1,49.9,Pass
4.6,72.6,65.8,97.2,6.7,1,1,1,54.7,Pass
6.5,60.7,50.3,61.2,6.3,0,2,1,46.3,Pass
3.1,88.0,58.8,76.0,5.0,1,0,1,53.9,Pass
0.0,93.5,61.1,66.0,6.4,0,2,0,45.0,Pass
0.6,79.5,54.1,76.0,8.0,0,1,1,46.1,Pass
2.3,56.5,46.8,100.0,4.9,0,0,1,45.2,Pass
2.9,88.5,43.8,58.7,5.9,1,2,1,44.7,Pass
3.2,60.1,29.9,55.7,4.4,0,2,1,30.0,Fail
4.1,83.7,49.2,67.6,7.9,1,1,1,43.1,Pass
3.4,69.4,74.4,84.3,6.4,0,1,1,68.0,Pass
6.1,66.1,41.0,89.3,5.2,0,0,1,58.8,Pass
2.6,74.7,44.5,86.6,6.6,0,2,1,54.1,Pass
2.3,77.8,91.9,97.6,4.7,1,1,1,54.3,Pass
5.0,72.3,55.5,53.6,4.9,0,2,1,48.9,Pass
0.9,87.1,69.8,97.8,4.3,0,1,1,47.8,Pass
4.8,74.6,74.6,75.3,4.9,0,2,1,49.5,Pass
4.2,91.8,74.9,91.0,8.5,0,0,0,57.4,Pass
3.7,83.4,42.2,60.1,5.4,1,1,1,53.4,Pass
7.2,71.6,61.5,80.1,7.2,0,1,1,63.1,Pass
2.8,69.6,40.7,83.5,5.2,0,0,1,38.9,Fail
8.1,60.2,100.0,97.3,7.6,1,0,1,67.1,Pass
3.5,83.5,41.1,56.2,5.0,0,1,1,48.9,Pass
1.4,75.7,49.3,80.5,6.6,0,2,1,42.1,Pass
4.1,51.5,49.4,63.7,6.6,1,1,1,43.4,Pass
1.8,73.6,42.6,87.6,10.0,1,0,1,47.2,Pass
2.5,69.2,85.3,91.7,7.4,1,2,1,57.3,Pass
4.8,98.9,100.0,99.3,5.6,0,0,1,70.4,Pass
5.1,59.6,57.9,72.0,7.5,0,1,0,46.1,Pass
2.8,62.7,45.2,93.9,9.7,0,2,1,44.3,Pass
6.0,93.3,31.4,100.0,4.1,0,2,0,51.7,Pass
6.3,96.3,61.3,55.4,5.2,0,2,1,50.9,Pass
6.9,71.1,60.3,89.2,6.1,1,2,1,59.3,Pass
5.1,72.4,55.2,94.4,5.9,1,1,1,59.3,Pass
6.7,87.4,68.3,76.1,6.0,0,1,0,54.6,Pass
0.2,52.1,70.9,61.8,4.5,0,1,1,38.9,Fail
3.4,57.7,69.8,94.1,8.6,1,2,1,56.3,Pass
2.3,76.6,60.3,62.0,4.4,0,2,0,36.4,Fail
4.2,98.6,48.5,77.3,6.2,0,1,0,53.3,Pass
2.9,74.8,75.0,79.4,8.1,0,1,0,60.6,Pass
3.7,81.2,65.2,90.7,6.5,1,1,1,58.4,Pass
7.8,93.6,78.3,70.6,5.0,1,1,1,57.4,Pass
3.7,100.0,76.9,69.7,4.5,0,2,1,61.9,Pass
4.8,73.1,43.7,81.5,6.2,0,0,1,45.9,Pass
3.5,79.8,43.5,95.1,5.4,1,1,0,54.2,Pass
4.2,100.0,53.7,100.0,6.8,1,2,1,57.2,Pass
4.0,61.7,49.2,57.4,4.4,1,1,0,42.8,Pass
4.9,92.3,76.3,84.7,7.7,0,1,1,59.4,Pass
6.3,67.8,70.3,63.7,6.7,1,1,1,55.7,Pass
7.3,81.2,81.5,95.3,6.8,1,0,1,64.4,Pass
4.6,77.1,70.9,65.9,8.7,1,1,1,53.7,Pass
5.2,68.5,68.1,69.9,5.8,0,0,1,46.7,Pass
1.7,68.2,83.0,71.2,5.4,1,0,1,50.6,Pass
3.8,83.3,72.0,78.9,5.7,0,0,1,55.7,Pass
5.9,91.9,66.0,84.8,6.2,0,1,1,53.7,Pass
5.7,78.4,87.2,87.3,6.4,0,0,1,67.5,Pass
4.4,80.8,66.7,79.9,5.3,1,2,1,55.4,Pass
5.8,86.9,60.4,60.1,3.5,0,0,1,55.1,Pass
5.0,68.3,52.4,90.9,5.7,1,1,1,56.9,Pass
6.4,88.9,75.5,79.2,7.0,0,2,1,65.8,Pass
4.6,89.8,83.6,97.4,6.7,0,0,1,69.1,Pass
3.3,100.0,64.2,69.4,8.3,0,1,1,54.1,Pass
4.7,75.5,84.6,56.0,9.4,1,2,0,61.5,Pass
0.0,74.5,35.4,79.5,7.6,0,1,1,38.8,Fail
4.8,89.2,64.2,99.4,8.6,0,1,1,63.6,Pass
0.0,89.8,64.4,82.4,7.7,0,2,1,50.4,Pass
0.6,73.6,54.1,77.0,9.1,0,1,1,49.2,Pass
4.9,75.2,100.0,66.9,9.3,0,1,1,64.4,Pass
5.0,86.5,64.0,100.0,7.9,0,0,1,58.0,Pass
1.7,70.1,58.9,64.6,7.6,0,0,1,39.6,Fail
2.6,75.1,65.4,69.1,6.2,1,2,0,48.6,Pass
6.7,81.1,35.0,88.6,6.4,0,1,1,51.9,Pass
3.0,92.0,53.6,52.2,6.0,0,0,1,42.1,Pass
8.5,72.7,79.7,99.1,7.4,0,1,1,57.9,Pass
4.0,57.9,55.6,89.4,5.4,0,2,1,41.3,Pass
4.8,57.0,52.6,93.5,6.2,1,0,1,60.0,Pass
7.2,64.9,84.6,88.4,3.0,0,0,1,58.4,Pass
4.3,64.2,85.1,77.6,9.1,0,1,1,65.0,Pass
2.0,78.1,72.8,64.1,6.2,1,1,1,50.7,Pass
3.8,65.7,58.2,77.9,7.2,0,1,1,48.7,Pass
3.9,71.6,61.4,65.4,8.7,1,2,1,43.2,Pass
1.3,70.7,52.9,87.3,7.0,1,0,1,44.5,Pass
3.5,74.7,50.1,92.1,8.7,0,1,1,60.6,Pass
2.5,95.9,49.3,100.0,4.6,0,1,1,61.4,Pass
5.8,87.9,55.7,85.6,10.0,0,1,1,61.2,Pass
4.1,80.2,49.5,93.9,8.1,0,1,1,47.9,Pass
3.4,74.5,41.5,75.5,6.8,0,2,1,42.1,Pass
3.8,74.8,68.3,72.8,8.6,1,1,0,48.4,Pass
4.4,83.9,68.5,87.1,4.7,0,2,1,64.3,Pass
5.2,87.0,90.5,74.2,6.1,0,0,1,70.1,Pass
2.0,69.1,55.0,84.0,8.7,0,1,1,47.3,Pass
1.9,80.4,69.4,64.1,3.7,1,1,1,46.2,Pass
6.2,55.6,69.7,66.8,7.3,1,1,1,61.0,Pass
3.2,82.5,61.2,89.5,7.3,0,0,1,48.2,Pass
1.2,89.1,76.2,93.3,9.5,1,2,1,56.0,Pass
4.9,76.6,76.6,65.2,4.1,0,2,1,57.8,Pass
4.9,100.0,69.9,90.1,8.9,1,2,1,60.3,Pass
0.9,69.4,61.2,72.0,5.7,1,2,1,40.5,Pass
4.5,82.6,59.6,80.2,5.8,1,0,1,50.7,Pass
5.5,79.6,44.5,100.0,4.7,0,1,1,62.8,Pass
4.7,78.8,52.9,92.1,4.9,0,1,1,64.1,Pass
5.3,78.6,55.7,91.9,7.1,1,2,1,58.3,Pass
1.2,81.3,48.1,100.0,4.8,0,0,1,45.3,Pass
4.7,90.2,71.6,69.4,7.6,0,1,0,54.5,Pass
3.4,96.5,82.9,65.2,5.5,1,1,1,57.9,Pass
3.0,80.0,51.4,69.2,4.7,1,0,1,44.2,Pass
5.7,89.8,69.3,76.2,5.7,1,2,1,60.7,Pass
7.0,71.6,49.5,44.7,7.0,1,1,1,53.1,Pass
7.6,89.2,60.4,76.9,6.1,1,1,1,61.0,Pass
6.6,70.9,54.6,71.8,6.6,0,2,1,54.3,Pass
3.8,93.1,74.0,91.8,7.5,1,1,1,59.8,Pass
4.7,100.0,54.8,85.3,8.1,1,1,1,58.0,Pass
5.5,78.5,80.2,71.0,6.0,1,0,1,56.4,Pass
4.2,53.7,61.3,88.8,4.9,0,0,1,52.2,Pass
4.3,73.4,55.3,90.8,6.6,0,0,1,43.5,Pass
5.6,94.8,46.2,68.5,7.2,1,1,1,64.0,Pass
3.9,86.6,68.8,72.6,4.3,0,1,1,55.1,Pass
2.5,83.0,78.4,46.6,5.2,0,1,1,51.9,Pass
3.2,92.1,69.1,63.6,5.4,1,1,1,57.0,Pass
5.3,85.8,98.6,68.9,6.2,0,2,1,60.2,Pass
4.0,94.6,86.4,81.1,5.4,0,0,1,56.3,Pass
4.7,91.0,60.4,65.8,7.6,0,1,1,50.1,Pass
5.3,98.3,60.2,72.3,4.1,0,1,1,57.2,Pass
3.3,84.3,72.0,61.6,4.1,1,0,1,54.7,Pass
5.5,90.9,52.4,82.6,6.0,0,2,1,55.3,Pass
4.8,76.3,82.5,86.4,6.2,0,0,1,61.8,Pass
1.5,72.8,70.4,86.0,4.3,0,1,1,36.6,Fail
6.9,100.0,68.8,80.2,5.6,0,1,1,63.6,Pass
3.0,82.6,75.3,56.9,5.9,0,2,1,57.3,Pass
0.7,89.7,90.8,70.7,5.9,0,1,1,51.6,Pass
1.9,81.5,67.6,73.9,6.7,0,2,1,45.8,Pass
2.0,73.0,63.3,74.0,5.5,0,1,1,43.2,Pass
4.1,80.1,87.6,81.1,8.7,0,1,1,44.5,Pass
3.5,97.2,79.5,100.0,7.2,0,2,0,58.0,Pass
3.3,86.7,60.2,92.2,5.3,0,1,1,59.9,Pass
5.2,59.5,65.1,65.2,6.6,0,1,1,47.3,Pass
4.7,77.4,67.9,90.2,6.7,0,1,0,54.6,Pass
4.6,100.0,70.4,89.6,8.3,0,1,1,51.2,Pass
4.8,77.4,44.7,67.9,5.6,0,1,1,41.1,Pass
5.2,58.4,41.9,92.7,7.7,1,0,1,55.4,Pass
0.0,100.0,51.7,77.6,6.6,0,1,0,49.3,Pass
3.3,88.2,50.5,58.9,8.7,1,0,0,41.8,Pass
0.0,79.2,55.3,86.8,8.4,1,1,1,41.8,Pass
4.1,75.5,74.5,83.3,6.8,0,2,1,56.2,Pass
4.0,93.0,62.5,76.6,6.1,0,1,1,49.8,Pass
6.1,73.5,67.9,79.4,7.3,0,1,1,48.0,Pass
6.4,93.8,46.6,69.2,6.2,0,0,1,55.7,Pass
4.4,86.5,58.1,89.2,9.0,0,0,1,59.3,Pass
3.0,82.9,73.8,79.3,6.6,0,1,1,57.1,Pass
5.0,81.7,73.9,82.5,5.9,1,2,0,63.7,Pass
2.9,77.9,54.1,85.4,5.8,0,2,1,42.5,Pass
4.0,92.5,67.4,62.7,4.7,1,1,1,55.0,Pass
6.0,69.6,98.0,66.6,7.3,1,2,1,60.7,Pass
2.9,60.5,64.7,46.9,5.3,0,2,0,41.8,Pass
5.6,87.4,54.6,88.5,8.1,1,2,0,58.6,Pass
5.4,87.6,62.4,61.8,4.6,1,2,1,52.8,Pass
2.1,85.8,66.4,82.0,6.7,0,0,1,36.0,Fail
5.9,84.9,62.7,85.6,8.2,0,0,1,65.5,Pass
5.4,76.2,64.5,89.0,3.3,0,1,1,58.5,Pass
4.2,89.4,43.3,61.9,9.5,0,1,1,42.9,Pass
2.5,79.5,50.6,79.0,5.9,0,2,1,50.3,Pass
2.3,74.2,62.8,100.0,6.7,0,1,1,49.3,Pass
2.9,76.3,62.5,100.0,7.4,0,1,0,51.2,Pass
5.1,100.0,56.5,94.8,7.6,1,2,1,58.9,Pass
2.1,59.2,62.3,85.1,6.9,0,1,1,48.2,Pass
4.9,86.0,65.9,64.9,8.0,0,2,1,52.3,Pass
1.5,59.9,78.3,90.8,7.3,0,0,1,42.5,Pass
3.6,78.7,63.5,77.6,9.1,1,1,1,59.0,Pass
4.2,74.8,71.0,88.4,7.3,1,1,1,55.6,Pass
8.9,55.0,56.9,70.5,9.4,0,1,1,56.5,Pass
1.2,84.7,73.6,77.4,7.9,1,0,1,53.9,Pass
6.9,75.4,70.6,82.5,3.8,0,1,1,57.2,Pass
4.3,54.8,78.0,83.7,10.0,1,1,1,51.3,Pass
4.8,90.1,75.7,87.4,5.6,1,1,1,63.1,Pass
4.2,97.2,73.8,71.3,8.7,0,2,1,52.3,Pass
4.9,97.9,63.5,59.9,6.5,1,0,1,57.6,Pass
3.7,84.3,68.7,100.0,8.1,1,1,1,55.1,Pass
6.9,80.6,81.0,100.0,5.5,1,0,1,70.7,Pass
3.1,95.9,55.2,86.7,7.4,0,2,1,58.2,Pass
6.3,100.0,55.6,60.1,6.1,1,2,1,61.7,Pass
2.7,93.6,67.7,68.4,8.9,0,2,0,45.9,Pass
3.9,68.7,71.2,87.6,7.2,1,2,1,54.4,Pass
1.9,82.4,52.6,100.0,7.9,1,1,1,45.2,Pass
4.9,85.3,63.9,61.8,3.3,0,1,1,53.3,Pass
6.9,58.3,63.6,78.1,6.4,0,1,1,43.6,Pass
3.8,85.6,31.8,82.9,7.1,0,2,1,41.8,Pass
3.6,100.0,61.7,93.0,6.8,0,1,1,64.9,Pass
1.8,87.7,62.6,74.8,7.9,0,1,1,51.7,Pass
3.5,97.7,62.6,56.5,6.0,0,2,1,51.6,Pass
0.8,82.2,86.2,89.3,6.6,1,2,1,49.6,Pass
2.2,79.1,46.8,96.9,8.3,0,2,1,44.3,Pass
4.5,84.6,52.6,78.8,3.1,0,0,0,52.7,Pass
6.6,70.2,25.8,86.1,7.4,1,1,0,49.5,Pass
9.6,68.4,57.8,72.9,6.0,0,1,1,69.2,Pass
2.8,95.2,59.1,67.3,5.1,0,1,0,50.1,Pass
6.9,96.5,57.4,95.4,7.0,1,1,1,65.7,Pass
4.5,68.1,81.6,85.8,8.3,1,1,1,50.7,Pass
3.7,91.6,77.9,87.4,8.1,1,2,0,58.9,Pass
4.9,79.0,66.2,100.0,6.3,0,1,1,59.9,Pass
4.1,84.1,59.4,64.2,7.8,0,1,1,50.2,Pass
4.2,85.5,80.4,71.7,7.8,1,2,1,56.5,Pass
3.2,91.9,64.7,82.4,6.4,1,1,1,57.2,Pass
1.2,81.0,52.7,71.5,5.5,1,1,1,52.0,Pass
0.9,96.9,39.3,91.7,5.5,1,0,1,47.8,Pass
5.3,83.7,58.4,77.2,7.8,0,0,0,61.2,Pass
3.4,87.5,76.3,65.1,6.4,0,2,0,57.9,Pass
2.8,70.0,99.1,81.0,4.9,1,1,1,61.6,Pass
4.0,100.0,65.9,82.6,4.0,1,0,1,55.2,Pass
5.6,85.6,53.5,94.0,7.7,0,2,1,58.6,Pass
4.4,88.6,47.2,85.9,5.7,1,1,0,53.0,Pass
2.7,60.7,73.3,86.9,7.0,0,2,1,53.0,Pass
6.5,70.1,38.5,84.8,8.4,1,1,1,57.7,Pass
7.2,94.9,73.3,77.2,4.5,0,2,1,66.4,Pass
5.0,83.4,77.3,69.3,6.4,1,0,1,62.1,Pass
5.9,57.0,71.5,84.3,6.2,0,0,0,51.6,Pass
6.5,92.5,61.7,75.0,7.1,1,2,1,66.6,Pass
6.3,73.5,73.5,100.0,8.4,1,2,1,69.0,Pass
5.2,96.9,67.6,100.0,4.5,0,1,1,67.0,Pass
5.2,78.9,53.3,89.5,7.4,1,0,1,56.3,Pass
5.0,82.5,92.8,85.7,8.0,1,1,1,67.7,Pass
1.8,94.1,59.7,78.7,6.2,1,2,1,47.5,Pass
5.4,69.2,76.6,61.1,6.3,0,2,1,55.9,Pass
1.3,68.1,28.7,76.8,7.1,1,1,1,39.7,Fail
2.4,77.6,84.1,81.5,7.0,1,0,1,47.3,Pass
6.6,89.9,87.0,83.4,7.4,1,1,1,70.0,Pass
5.7,64.0,65.4,87.0,7.3,0,2,1,50.0,Pass
7.0,60.0,73.4,93.8,5.0,1,1,1,58.0,Pass
3.5,89.9,73.4,69.6,8.0,0,1,1,55.7,Pass
1.7,72.8,55.4,69.8,8.3,0,2,1,41.2,Pass
3.5,75.3,73.2,100.0,6.8,0,1,1,57.1,Pass
4.2,57.7,52.9,91.6,4.3,0,1,1,48.7,Pass
4.2,71.9,55.9,74.1,6.3,0,1,1,45.8,Pass
6.3,79.9,81.9,78.4,6.8,0,1,1,65.2,Pass
3.3,91.2,79.6,78.5,4.8,1,2,1,54.4,Pass
4.7,70.7,54.4,80.5,6.0,0,1,1,62.9,Pass
2.0,99.9,54.0,87.1,4.4,0,1,1,51.8,Pass
4.9,71.8,55.3,100.0,7.4,1,0,1,49.5,Pass
4.0,71.8,76.0,82.8,6.7,1,2,1,51.1,Pass
2.5,98.4,50.0,89.9,4.0,1,0,1,58.2,Pass
3.5,82.5,70.4,54.7,7.0,1,0,1,48.7,Pass
3.6,73.4,76.2,72.7,6.4,1,1,1,46.5,Pass
3.5,78.1,63.7,98.4,7.3,1,1,1,59.8,Pass
7.5,96.2,80.2,86.0,5.9,1,2,1,68.3,Pass
3.8,97.6,60.4,14.2,5.3,1,2,1,50.7,Pass
3.5,70.2,61.8,90.1,5.3,0,2,1,56.7,Pass
0.0,79.5,50.3,100.0,5.7,1,1,1,46.7,Pass
2.2,81.1,80.3,50.1,6.5,1,1,1,61.3,Pass
3.5,68.2,53.5,100.0,6.7,1,2,0,43.1,Pass
2.6,79.3,70.2,38.4,6.2,1,1,1,41.9,Pass
6.8,80.1,63.9,94.1,5.9,0,2,1,61.3,Pass
3.7,93.7,49.2,79.9,6.0,0,1,1,64.4,Pass
6.6,94.5,55.9,44.8,10.0,1,1,1,66.2,Pass
4.1,76.0,85.7,86.7,5.3,1,1,1,65.2,Pass
4.1,77.4,68.0,97.3,5.7,1,1,1,53.1,Pass
3.8,88.0,49.9,85.5,10.0,1,0,1,50.5,Pass
4.0,73.0,69.6,88.8,7.1,1,1,1,51.2,Pass
7.4,87.1,62.8,73.8,4.4,1,0,1,57.3,Pass
0.0,78.9,100.0,52.1,7.8,0,1,1,55.5,Pass
0.0,68.4,69.3,90.4,5.1,1,2,0,44.1,Pass
2.9,68.5,59.3,100.0,7.9,0,1,0,50.5,Pass
4.0,97.4,86.3,96.9,6.2,1,2,1,69.6,Pass
5.4,78.1,37.4,50.2,5.8,0,1,1,38.3,Fail
4.9,99.7,66.4,57.3,8.9,1,0,1,58.1,Pass
3.2,73.8,94.9,67.3,7.3,0,0,1,49.2,Pass
6.0,83.5,63.3,56.1,8.0,0,2,1,55.0,Pass
6.1,100.0,39.0,80.7,7.2,1,1,1,55.6,Pass
4.4,67.3,59.1,85.9,5.8,1,2,1,49.5,Pass
5.9,57.2,86.8,58.5,7.4,0,1,1,55.9,Pass
4.5,95.4,70.6,91.7,8.3,1,2,0,63.8,Pass
2.9,70.1,52.4,89.0,6.7,0,2,1,47.8,Pass
5.4,79.8,54.7,71.8,9.2,0,2,1,57.0,Pass
4.2,73.0,56.6,77.4,7.8,0,0,1,46.3,Pass
4.0,83.2,70.4,50.8,6.8,1,2,1,56.0,Pass
6.9,68.6,85.1,75.0,6.9,1,1,1,60.9,Pass
0.0,77.8,80.8,80.1,6.7,1,2,1,46.5,Pass
1.2,85.4,71.8,82.5,4.6,1,1,1,46.6,Pass
1.6,67.9,45.0,85.7,6.4,1,1,1,42.1,Pass
3.3,71.6,45.1,83.7,6.8,1,1,1,57.0,Pass
3.5,75.8,73.0,76.0,5.9,1,2,0,53.3,Pass
1.0,62.9,44.8,84.3,7.0,0,1,0,34.3,Fail
2.0,74.9,61.6,95.0,6.5,0,1,1,54.7,Pass
2.3,81.4,69.6,78.6,7.7,0,1,1,49.2,Pass
8.9,75.2,47.9,84.8,7.5,1,2,1,64.0,Pass
7.6,76.7,49.6,77.2,6.8,0,1,1,55.0,Pass
3.2,79.8,63.6,70.3,4.4,0,1,1,56.3,Pass
3.3,72.1,72.6,87.8,9.2,1,1,1,51.5,Pass
1.7,88.3,80.9,71.7,6.3,1,1,1,60.0,Pass
0.2,97.2,74.1,85.8,6.4,0,1,1,46.7,Pass
3.8,74.4,66.1,80.4,6.0,0,2,1,51.6,Pass
2.0,85.8,53.8,75.4,5.8,0,2,1,55.4,Pass
3.8,77.1,48.9,75.1,8.8,0,1,1,50.5,Pass
0.8,84.4,57.3,72.4,8.6,1,0,1,56.9,Pass
2.5,98.8,71.1,55.3,7.2,1,1,1,51.6,Pass
4.3,86.1,70.0,85.7,6.3,0,0,1,58.6,Pass
4.7,58.7,33.5,83.5,7.4,0,1,1,55.0,Pass
4.8,85.4,53.2,92.7,6.6,0,2,1,49.8,Pass
1.4,94.8,83.1,72.0,6.2,0,1,1,45.6,Pass
5.7,77.3,66.2,100.0,7.0,0,1,1,56.7,Pass
2.4,91.9,43.7,74.3,5.8,1,2,1,52.9,Pass
5.3,71.7,100.0,66.9,6.9,0,1,0,51.9,Pass
4.0,62.2,64.6,65.1,6.8,1,0,1,50.7,Pass
1.2,81.7,70.8,54.0,7.4,0,0,1,47.8,Pass
3.4,58.9,71.0,100.0,5.6,1,1,0,62.2,Pass
4.7,77.1,59.5,100.0,7.6,0,2,1,63.1,Pass
5.2,95.4,54.1,89.0,5.1,0,2,1,61.5,Pass
3.7,57.1,96.8,66.6,5.6,1,1,1,59.7,Pass
7.1,64.6,80.0,100.0,5.7,1,1,0,66.2,Pass
6.0,67.6,77.3,74.7,4.9,0,1,0,54.5,Pass
3.5,79.2,73.6,76.0,8.0,0,0,1,47.9,Pass
5.5,75.6,50.0,100.0,5.0,1,1,1,53.7,Pass
7.9,96.8,84.2,89.9,5.5,1,1,1,71.7,Pass
7.9,91.5,52.4,100.0,8.4,1,0,1,67.0,Pass
1.5,85.9,69.2,83.7,5.6,0,2,1,41.0,Pass
2.1,81.7,40.4,74.0,6.2,0,2,1,43.9,Pass
7.0,84.7,34.4,70.8,5.0,0,1,1,54.0,Pass
1.9,69.7,69.8,52.3,7.7,0,1,1,46.9,Pass
1.4,90.3,52.9,75.8,7.8,1,1,0,55.9,Pass
3.0,66.7,35.2,97.2,7.6,1,0,1,46.6,Pass
4.8,90.0,73.1,89.0,7.3,0,0,0,55.9,Pass
3.8,94.2,96.8,80.3,6.6,1,1,1,54.5,Pass
2.7,82.5,85.8,65.1,5.7,1,2,1,57.9,Pass
2.7,77.9,61.1,83.4,5.3,1,1,1,46.1,Pass
2.6,84.8,65.1,95.2,8.4,0,1,1,59.1,Pass
2.2,45.7,78.3,86.5,7.6,0,1,0,53.2,Pass
8.6,83.6,81.8,82.5,5.5,0,1,1,60.9,Pass
4.6,78.6,59.8,68.0,6.6,0,0,1,54.5,Pass
5.8,79.4,65.5,93.0,6.0,0,1,1,66.3,Pass
3.0,88.5,69.5,33.0,4.8,0,2,1,52.9,Pass
3.6,79.1,73.3,85.7,6.8,0,2,1,45.8,Pass
2.6,66.3,63.0,100.0,5.9,0,2,0,46.4,Pass
0.0,78.3,63.2,57.4,5.1,1,0,1,34.0,Fail
1.2,80.8,85.7,76.4,4.3,1,1,1,54.1,Pass
0.4,81.4,83.1,79.9,4.2,0,1,1,51.4,Pass
0.0,81.9,72.2,73.1,5.9,1,1,1,32.7,Fail
1.6,92.5,90.8,95.5,6.4,0,1,1,57.4,Pass
6.6,67.0,59.2,87.1,5.2,0,2,1,61.3,Pass
3.9,82.1,89.3,82.3,7.5,1,1,1,60.9,Pass
6.6,95.5,73.1,92.0,6.4,0,1,1,67.4,Pass
4.8,59.2,100.0,80.3,7.4,0,1,1,56.8,Pass
5.6,82.2,47.1,100.0,6.2,0,1,1,52.1,Pass
2.2,73.0,54.7,82.3,5.3,0,0,1,45.8,Pass
5.0,75.6,71.3,82.9,6.7,1,0,1,57.3,Pass
5.5,69.1,71.0,54.3,4.6,0,1,1,54.9,Pass
2.8,78.0,94.3,71.8,7.3,0,1,1,59.4,Pass
5.1,100.0,55.0,97.2,5.1,0,2,1,62.2,Pass
5.1,64.8,78.6,60.0,7.9,0,1,1,58.8,Pass
2.9,66.0,82.4,47.6,6.0,0,0,1,44.6,Pass
1.8,64.4,75.6,80.5,8.1,1,0,1,40.8,Pass
1.6,100.0,50.6,100.0,4.8,1,2,1,56.3,Pass
4.2,74.5,86.1,80.6,5.5,0,0,1,57.3,Pass
4.7,79.7,83.4,75.0,7.1,1,0,1,60.8,Pass
2.4,75.2,74.0,52.1,8.3,0,1,1,41.2,Pass
4.1,68.7,68.1,86.8,9.0,0,1,1,62.9,Pass
5.1,77.2,68.4,89.9,6.6,0,1,1,61.8,Pass
5.2,100.0,63.8,53.3,9.3,0,1,1,56.3,Pass
7.1,96.7,74.6,97.0,6.1,1,0,1,64.2,Pass
6.6,69.8,65.5,91.5,8.1,1,2,1,66.2,Pass
2.0,87.8,52.3,97.0,5.1,0,1,1,45.4,Pass
7.4,70.0,49.3,88.8,7.1,0,1,1,69.1,Pass
2.9,58.7,53.7,89.8,3.0,1,0,1,42.1,Pass
6.1,92.2,68.3,87.8,4.8,0,1,1,71.5,Pass
4.1,93.9,64.6,93.0,7.2,0,1,0,58.3,Pass
3.2,92.6,68.2,52.7,4.5,1,1,1,59.4,Pass
0.4,74.4,72.5,57.5,7.1,1,1,1,39.8,Fail
3.7,78.0,55.6,69.0,7.9,1,2,1,50.8,Pass
0.9,89.0,87.0,78.1,5.7,0,1,1,57.0,Pass
5.9,84.7,61.0,85.8,5.0,0,2,1,63.1,Pass
7.0,75.3,58.5,84.9,5.8,0,2,1,65.2,Pass
2.4,60.6,72.2,96.8,5.1,1,1,1,47.8,Pass
4.6,81.4,37.5,97.2,6.3,0,1,1,53.2,Pass
2.5,92.9,53.1,66.9,6.7,0,1,1,55.6,Pass
2.7,65.6,79.7,83.6,6.0,0,2,1,48.5,Pass
5.5,87.7,38.9,67.3,9.0,1,1,1,56.0,Pass
3.9,84.0,81.8,77.2,5.4,1,1,1,56.8,Pass
7.5,89.0,87.7,84.8,8.6,1,0,1,70.5,Pass
3.0,90.5,59.5,28.9,4.9,0,2,0,45.8,Pass
6.0,71.7,69.4,100.0,6.6,1,0,1,56.5,Pass
4.2,60.6,81.8,88.5,8.3,0,0,1,53.4,Pass
5.6,73.6,58.0,71.1,8.2,0,1,1,54.6,Pass
3.1,90.7,78.0,100.0,5.9,0,1,1,59.4,Pass
3.9,73.5,54.9,74.8,7.3,0,2,1,58.3,Pass
3.8,71.7,57.8,82.0,7.1,0,2,0,56.1,Pass
2.3,58.1,53.0,72.7,5.7,1,0,1,43.1,Pass
5.3,100.0,70.1,100.0,7.4,0,1,1,61.9,Pass
5.3,89.9,82.4,78.4,9.3,0,2,1,59.6,Pass
5.2,89.2,62.2,82.2,7.2,1,1,1,69.0,Pass
7.1,91.6,45.9,98.1,7.3,1,0,0,57.1,Pass
6.9,86.9,48.8,88.8,7.5,0,1,1,61.0,Pass
3.3,77.1,70.9,79.2,4.3,1,1,1,54.5,Pass
4.7,78.0,92.7,96.7,7.2,0,2,1,62.6,Pass
2.8,74.9,70.9,100.0,5.0,0,1,1,49.0,Pass
4.0,100.0,59.2,84.8,5.6,1,0,1,53.8,Pass
2.8,86.7,76.5,81.8,9.7,1,2,1,54.5,Pass
7.2,74.4,61.4,82.6,6.1,0,1,1,56.1,Pass
4.7,85.6,59.3,99.7,5.4,0,2,0,65.4,Pass
3.6,67.9,50.6,71.0,8.2,0,1,1,46.6,Pass
6.4,98.1,86.1,75.8,5.1,0,0,1,63.4,Pass
0.0,72.1,26.9,56.9,5.8,1,1,1,33.1,Fail
0.0,86.0,77.0,62.2,8.4,0,1,1,50.0,Pass
5.6,92.8,58.0,72.2,6.6,1,1,1,56.6,Pass
4.1,84.6,58.8,79.2,4.2,0,1,1,57.9,Pass
4.5,81.1,90.4,100.0,7.3,1,2,1,58.4,Pass
1.3,80.1,54.3,88.0,5.9,0,2,1,53.5,Pass
4.0,79.3,54.8,66.3,8.8,0,1,0,50.0,Pass
8.0,73.1,63.0,69.1,5.6,0,0,1,58.4,Pass
5.6,74.6,71.2,100.0,8.1,0,1,0,57.5,Pass
4.3,97.8,58.4,96.9,9.2,1,1,1,54.9,Pass
3.1,78.7,41.4,80.4,5.2,1,0,1,38.3,Fail
3.2,70.6,52.0,73.4,6.2,1,2,1,43.8,Pass
0.0,73.8,84.2,96.9,7.1,0,2,1,53.8,Pass
4.5,93.2,66.1,65.1,5.2,1,0,1,50.8,Pass
5.7,88.1,71.8,85.9,6.9,1,2,1,55.3,Pass
0.8,86.7,61.1,100.0,6.2,1,1,1,46.5,Pass
2.7,76.9,55.1,83.1,6.1,1,1,1,47.3,Pass
1.7,86.9,90.2,68.4,6.6,1,1,1,52.4,Pass
2.1,72.3,62.2,86.2,6.6,0,0,0,46.9,Pass
4.1,76.9,58.3,72.9,6.7,1,0,1,56.3,Pass
0.0,91.6,81.4,59.1,5.6,0,2,1,54.5,Pass
5.2,90.5,54.2,90.5,5.7,0,1,1,68.4,Pass
5.5,68.2,56.1,96.8,6.3,1,1,1,47.8,Pass
3.5,69.7,65.2,75.3,6.4,0,1,1,45.7,Pass
0.0,81.3,65.0,74.3,5.8,0,2,1,48.5,Pass
2.0,100.0,68.9,65.6,7.0,0,1,1,50.5,Pass
6.5,57.0,96.4,77.8,3.8,0,2,0,64.4,Pass
0.0,83.3,70.0,71.6,5.4,1,2,1,47.4,Pass
3.3,63.5,29.3,64.8,6.1,1,1,0,47.4,Pass
1.6,72.4,69.9,100.0,5.2,0,1,1,56.0,Pass
5.6,75.6,65.6,87.0,8.9,1,1,1,64.2,Pass
2.6,75.0,65.7,88.6,6.5,1,2,1,50.3,Pass
4.8,73.6,68.7,93.3,6.8,1,1,1,57.2,Pass
5.1,80.1,64.6,91.6,5.8,0,0,1,56.0,Pass
7.7,73.6,64.2,73.8,6.5,0,0,0,51.4,Pass
3.6,62.5,74.2,84.1,4.7,0,1,1,58.7,Pass
4.8,89.4,56.9,76.0,6.2,0,2,1,59.9,Pass
1.0,89.0,50.8,86.6,5.1,1,2,1,46.5,Pass
6.4,90.1,100.0,85.1,6.1,0,1,1,75.8,Pass
2.5,61.5,54.3,74.3,3.0,0,0,1,39.0,Fail
2.9,83.6,66.5,60.1,4.8,1,0,1,39.9,Fail
4.0,88.1,42.6,82.2,8.7,0,2,1,57.8,Pass
0.9,67.6,66.7,76.9,7.7,0,1,1,38.2,Fail
4.5,80.1,51.0,51.6,8.5,1,2,0,48.3,Pass
5.9,78.6,58.4,87.6,8.6,1,0,1,59.3,Pass
4.6,100.0,80.7,94.5,7.5,0,1,0,67.0,Pass
0.8,100.0,72.1,100.0,5.8,1,2,1,60.9,Pass
3.8,60.0,73.5,74.1,4.9,1,0,0,52.0,Pass
5.5,100.0,38.4,71.9,8.2,1,0,1,58.3,Pass
0.2,69.0,92.6,63.4,6.6,0,1,1,42.3,Pass
1.9,91.8,47.1,83.1,10.0,1,1,1,51.5,Pass
5.8,91.6,87.9,83.0,6.0,1,2,1,59.0,Pass
4.5,68.1,80.3,67.8,9.5,0,2,1,63.1,Pass
4.8,85.9,73.7,77.4,6.3,1,2,1,52.5,Pass
7.7,78.7,52.2,50.3,8.5,1,0,1,53.7,Pass
4.9,86.7,67.3,93.9,9.0,0,1,0,53.9,Pass
5.3,82.8,57.9,68.4,5.0,1,2,1,51.5,Pass
9.4,94.4,65.4,79.5,5.8,0,1,1,69.3,Pass
3.6,80.9,61.3,58.6,5.0,1,2,1,47.3,Pass
2.4,78.0,34.4,71.3,4.7,1,1,1,48.3,Pass
4.9,93.2,81.8,75.8,7.5,0,0,1,62.4,Pass
4.9,87.0,63.8,79.8,6.2,0,1,1,54.9,Pass
2.9,88.8,57.7,87.2,6.6,0,1,1,52.6,Pass
1.9,72.0,56.6,100.0,7.3,1,0,1,55.1,Pass
8.6,67.5,70.4,91.0,3.7,0,1,1,68.2,Pass
4.7,73.2,51.6,94.4,8.4,1,2,1,49.3,Pass
2.5,72.6,31.2,100.0,6.0,0,0,1,41.3,Pass
5.8,89.4,71.1,88.5,7.3,0,1,1,65.3,Pass
3.8,91.7,72.8,79.4,7.4,1,1,1,60.0,Pass
3.5,78.1,62.0,95.1,8.6,1,2,1,50.5,Pass
5.1,97.2,47.8,96.1,6.3,0,1,1,63.1,Pass
1.4,96.4,66.3,89.7,3.3,0,2,1,49.0,Pass
4.7,82.9,43.0,58.2,6.6,0,2,0,55.5,Pass
7.8,70.1,49.6,67.4,6.8,0,1,1,58.2,Pass
4.9,98.9,53.7,75.9,4.9,0,0,1,50.8,Pass
3.2,79.3,77.7,91.7,6.7,1,2,0,54.6,Pass
3.0,81.5,59.6,79.7,6.0,0,1,0,47.8,Pass
3.2,75.9,58.3,97.1,4.5,0,2,1,53.5,Pass
3.5,69.3,94.3,99.7,7.5,0,1,1,58.7,Pass
3.2,62.4,70.3,98.0,5.7,0,1,1,46.3,Pass
5.8,87.6,70.1,98.1,5.9,1,1,1,56.9,Pass
0.5,70.6,59.5,64.4,5.8,0,1,1,43.4,Pass
5.7,100.0,56.1,87.2,8.4,0,2,1,64.1,Pass
3.2,67.0,32.2,70.9,6.4,1,1,0,42.2,Pass
4.8,64.9,79.5,55.3,6.6,1,2,0,53.7,Pass
1.7,86.1,71.7,75.7,5.8,1,0,1,47.6,Pass
6.7,98.4,62.3,99.9,7.2,1,2,1,68.6,Pass
6.5,80.8,62.9,86.9,8.5,1,2,1,74.7,Pass
5.9,86.9,76.0,100.0,7.5,1,1,1,71.6,Pass
1.0,57.9,41.7,82.7,7.5,1,0,1,36.8,Fail
5.7,71.9,56.2,100.0,7.4,0,2,1,55.5,Pass
4.8,67.1,48.0,82.7,4.4,1,2,1,36.2,Fail
0.8,57.3,91.6,80.3,5.2,1,1,0,52.4,Pass
4.0,81.4,78.1,60.8,6.2,1,1,1,58.3,Pass
4.7,53.1,32.0,96.7,5.4,0,2,1,43.3,Pass
5.1,64.1,42.3,72.5,4.9,1,0,1,39.7,Fail
4.4,73.6,63.0,70.3,3.7,0,1,1,45.1,Pass
4.6,70.0,57.9,99.2,4.5,1,1,1,56.8,Pass
6.9,84.8,45.1,97.4,6.1,0,0,1,59.2,Pass
6.5,83.7,94.2,97.0,6.4,1,2,1,73.2,Pass
0.0,90.7,69.7,74.6,5.3,1,1,0,47.8,Pass
3.4,89.0,72.1,79.2,6.6,0,2,1,61.4,Pass
3.7,93.7,54.6,79.1,5.8,0,1,1,55.8,Pass
0.5,80.0,75.8,91.7,8.1,0,1,1,54.7,Pass
4.2,83.6,59.3,100.0,6.3,1,1,1,47.1,Pass
6.5,86.1,60.7,85.5,7.5,1,1,0,55.2,Pass
1.8,81.7,74.2,100.0,6.8,1,2,1,53.7,Pass
4.7,75.2,40.6,93.5,4.4,0,1,1,56.5,Pass
2.2,76.0,89.0,76.5,6.4,1,2,1,63.7,Pass
2.7,70.2,67.7,92.4,4.6,1,1,1,50.4,Pass
7.0,85.1,84.2,100.0,6.3,0,1,0,65.3,Pass
2.9,78.9,48.9,100.0,5.4,0,0,1,40.5,Pass
4.9,72.0,51.2,97.8,7.1,0,2,1,59.4,Pass
0.3,72.1,47.6,80.4,4.5,0,1,1,37.3,Fail
7.7,65.5,68.8,76.7,6.5,0,1,1,74.3,Pass
5.2,91.7,66.0,88.6,7.4,0,1,1,57.4,Pass
3.6,80.9,58.0,100.0,7.9,0,1,1,65.9,Pass
5.2,69.6,49.8,86.5,5.4,0,1,1,55.8,Pass
1.2,89.7,46.0,86.8,6.5,0,1,1,42.0,Pass
6.4,73.3,64.3,80.8,6.8,1,2,1,60.1,Pass
3.4,63.1,58.0,75.1,8.8,0,0,0,50.3,Pass
3.6,92.3,54.7,77.6,4.3,0,1,1,51.8,Pass
3.0,73.6,88.2,82.0,5.1,1,0,1,59.1,Pass
2.8,75.1,63.8,100.0,10.0,0,2,1,58.7,Pass
5.4,80.5,84.1,76.4,6.1,0,1,1,63.5,Pass
4.5,93.7,57.0,80.8,3.7,0,1,1,56.0,Pass
5.3,80.2,68.7,67.0,5.6,0,2,1,50.4,Pass
4.0,65.6,64.2,90.7,3.0,1,1,1,51.5,Pass
5.0,86.5,39.5,100.0,6.9,0,1,1,56.7,Pass
3.2,74.2,86.4,100.0,7.7,0,1,0,48.8,Pass
8.5,100.0,63.0,83.1,5.1,1,0,1,68.8,Pass
0.9,80.0,76.2,88.6,5.8,1,2,1,50.9,Pass
6.5,53.2,53.7,77.7,7.9,0,2,0,45.4,Pass
6.7,84.3,62.5,87.9,3.9,0,2,1,60.1,Pass
2.3,100.0,52.0,84.7,4.5,0,2,1,51.3,Pass
8.5,98.9,83.5,80.9,6.2,1,2,1,82.6,Pass
6.0,100.0,69.7,82.1,5.4,1,1,1,65.4,Pass
5.9,67.8,70.5,86.8,6.1,1,0,1,62.7,Pass
4.1,90.9,85.4,75.6,4.6,0,1,1,59.0,Pass
3.6,71.3,82.3,76.4,6.8,0,2,0,45.1,Pass
3.6,82.7,76.5,100.0,6.3,1,2,1,63.3,Pass
4.8,64.7,43.7,100.0,7.3,0,2,0,48.4,Pass
6.8,72.3,54.6,61.9,6.8,1,1,1,52.7,Pass
4.4,71.9,49.9,61.1,6.8,0,0,1,41.5,Pass
2.2,90.8,75.9,65.6,4.3,0,2,1,52.8,Pass
5.6,89.6,67.6,78.5,7.2,0,0,1,65.1,Pass
5.8,83.3,44.1,93.4,6.0,0,1,1,61.3,Pass
5.3,63.8,62.2,88.9,6.3,1,1,1,62.5,Pass
5.5,76.3,42.6,82.6,8.1,0,1,1,61.5,Pass
3.5,71.0,64.2,87.9,5.4,1,1,1,41.8,Pass
2.1,90.4,40.2,69.6,8.5,1,2,0,40.9,Pass
2.3,94.1,72.9,76.3,8.7,1,2,1,46.8,Pass
0.7,92.7,70.7,79.7,7.6,1,1,1,54.5,Pass
4.5,70.9,93.6,56.2,5.0,1,1,1,51.9,Pass
3.8,47.1,77.7,62.6,3.2,1,2,1,44.1,Pass
3.1,58.8,58.7,63.2,8.1,0,1,1,43.0,Pass
0.0,97.1,77.3,91.5,6.7,1,1,1,55.4,Pass
1.5,75.2,44.0,83.7,5.4,1,1,1,36.5,Fail
6.2,71.0,50.6,89.2,8.3,0,1,1,49.8,Pass
2.7,99.7,70.0,52.4,5.2,1,0,1,51.8,Pass
4.7,95.2,32.6,57.7,5.9,0,2,0,55.4,Pass
1.2,80.3,64.4,89.9,7.3,1,1,1,49.8,Pass
6.9,76.5,49.7,38.3,4.8,0,0,1,45.5,Pass
3.7,78.4,66.5,98.4,6.3,1,1,1,45.8,Pass
4.6,82.7,48.8,52.7,8.1,0,2,1,54.4,Pass
8.7,99.2,71.4,92.7,6.8,1,1,1,68.7,Pass
7.0,85.1,65.3,66.7,8.4,0,1,1,54.8,Pass
3.4,88.7,86.0,95.7,8.2,1,0,1,52.8,Pass
2.8,94.0,65.1,100.0,6.5,0,2,1,50.9,Pass
3.3,66.0,53.5,45.9,3.0,1,2,1,37.4,Fail
5.0,89.1,61.3,90.4,4.8,0,1,1,57.6,Pass
3.8,76.5,44.8,52.9,7.6,0,1,1,39.0,Fail
3.2,49.8,71.1,86.4,4.2,0,1,1,48.2,Pass
6.9,54.5,73.8,76.9,6.0,1,2,1,56.0,Pass
3.8,67.8,100.0,81.9,7.0,0,2,1,70.0,Pass
8.6,86.4,55.7,66.3,8.7,1,2,1,54.9,Pass
4.2,81.4,61.0,91.7,5.6,0,1,1,56.3,Pass
7.6,82.2,56.4,58.3,5.5,1,1,0,58.3,Pass
4.7,100.0,68.2,98.6,6.4,0,1,1,58.3,Pass
5.9,64.8,70.7,73.9,7.0,0,2,1,56.5,Pass
2.6,79.7,64.2,59.0,6.3,0,1,1,51.2,Pass
2.3,83.7,81.3,100.0,8.1,0,1,1,58.2,Pass
4.9,71.2,55.7,79.0,5.3,0,2,0,59.1,Pass
6.0,80.3,79.8,100.0,6.7,0,1,1,53.7,Pass
4.1,60.8,73.1,98.3,7.2,0,2,1,51.0,Pass
1.4,96.9,64.8,68.0,5.9,1,0,1,57.2,Pass
1.3,71.8,60.3,78.7,7.8,0,1,1,49.9,Pass
1.1,100.0,100.0,81.8,6.7,1,1,0,62.2,Pass
0.5,79.6,52.7,100.0,7.7,0,1,1,53.1,Pass
4.2,92.3,69.5,86.6,6.8,0,2,1,50.3,Pass
6.3,79.4,53.7,82.6,7.1,0,1,0,60.9,Pass
4.0,79.6,91.8,77.0,5.6,0,1,1,63.9,Pass
0.0,73.0,78.3,79.2,5.6,0,0,0,41.7,Pass
3.6,81.4,54.8,99.6,8.3,1,2,1,69.1,Pass
3.7,83.8,72.7,80.1,7.5,1,2,1,58.0,Pass
8.2,70.6,68.9,74.1,5.0,1,2,1,50.9,Pass
1.1,78.5,57.3,71.5,6.8,0,1,0,46.1,Pass
3.2,72.7,76.4,71.7,3.0,0,1,0,47.0,Pass
7.4,100.0,70.8,59.0,5.6,1,1,1,70.2,Pass
4.9,78.9,68.2,68.7,7.9,0,0,1,57.3,Pass
5.1,98.5,64.4,100.0,6.3,0,0,1,59.9,Pass
4.2,77.7,71.5,76.9,6.7,0,0,1,61.9,Pass
4.7,83.1,68.4,90.6,3.0,0,0,1,61.7,Pass
5.6,64.1,65.9,42.8,5.9,1,2,1,45.4,Pass
2.4,74.6,55.4,88.5,7.0,0,1,1,48.0,Pass
5.8,82.5,90.4,77.6,7.2,0,2,1,66.7,Pass
1.3,99.0,49.2,72.8,7.9,1,2,1,47.4,Pass
4.7,82.7,71.4,82.7,6.2,1,1,1,56.5,Pass
4.4,96.6,60.2,72.6,6.3,0,1,1,56.6,Pass
2.8,87.7,91.4,48.1,4.5,0,2,1,48.3,Pass
4.0,99.5,51.4,93.8,6.2,1,0,1,46.2,Pass
2.8,79.3,54.0,83.6,4.6,0,1,1,50.2,Pass
1.9,100.0,50.5,75.3,3.7,0,1,1,39.4,Fail
3.3,74.2,69.9,65.5,4.9,0,2,1,45.2,Pass
1.8,70.8,44.4,58.0,8.8,0,2,1,32.0,Fail
4.6,65.5,57.8,83.4,6.1,1,2,1,44.1,Pass
1.7,100.0,32.7,100.0,6.8,1,1,1,52.5,Pass
5.4,89.8,68.6,83.0,5.7,1,1,1,59.7,Pass
1.6,76.0,57.5,59.3,3.8,1,2,0,42.0,Pass
